-- phpMyAdmin SQL Dump
-- version 5.2.2
-- https://www.phpmyadmin.net/
--
-- Host: localhost:3306
-- Generation Time: May 08, 2025 at 06:55 PM
-- Server version: 8.4.3
-- PHP Version: 8.3.16

SET SQL_MODE = "NO_AUTO_VALUE_ON_ZERO";
START TRANSACTION;
SET time_zone = "+00:00";


/*!40101 SET @OLD_CHARACTER_SET_CLIENT=@@CHARACTER_SET_CLIENT */;
/*!40101 SET @OLD_CHARACTER_SET_RESULTS=@@CHARACTER_SET_RESULTS */;
/*!40101 SET @OLD_COLLATION_CONNECTION=@@COLLATION_CONNECTION */;
/*!40101 SET NAMES utf8mb4 */;

--
-- Database: `apm_db`
--

-- --------------------------------------------------------

--
-- Table structure for table `alumni`
--

CREATE TABLE `alumni` (
  `alumniId` bigint UNSIGNED NOT NULL,
  `userId` bigint UNSIGNED NOT NULL,
  `graduationYear` year NOT NULL,
  `created_at` timestamp NULL DEFAULT NULL,
  `updated_at` timestamp NULL DEFAULT NULL
) ENGINE=InnoDB DEFAULT CHARSET=utf8mb4 COLLATE=utf8mb4_unicode_ci;

-- --------------------------------------------------------

--
-- Table structure for table `department_heads`
--

CREATE TABLE `department_heads` (
  `headId` bigint UNSIGNED NOT NULL,
  `userId` bigint UNSIGNED NOT NULL,
  `created_at` timestamp NULL DEFAULT NULL,
  `updated_at` timestamp NULL DEFAULT NULL
) ENGINE=InnoDB DEFAULT CHARSET=utf8mb4 COLLATE=utf8mb4_unicode_ci;

-- --------------------------------------------------------

--
-- Table structure for table `failed_jobs`
--

CREATE TABLE `failed_jobs` (
  `id` bigint UNSIGNED NOT NULL,
  `uuid` varchar(255) COLLATE utf8mb4_unicode_ci NOT NULL,
  `connection` text COLLATE utf8mb4_unicode_ci NOT NULL,
  `queue` text COLLATE utf8mb4_unicode_ci NOT NULL,
  `payload` longtext COLLATE utf8mb4_unicode_ci NOT NULL,
  `exception` longtext COLLATE utf8mb4_unicode_ci NOT NULL,
  `failed_at` timestamp NOT NULL DEFAULT CURRENT_TIMESTAMP
) ENGINE=InnoDB DEFAULT CHARSET=utf8mb4 COLLATE=utf8mb4_unicode_ci;

-- --------------------------------------------------------

--
-- Table structure for table `groups`
--

CREATE TABLE `groups` (
  `groupid` bigint UNSIGNED NOT NULL,
  `projectid` bigint UNSIGNED NOT NULL,
  `name` varchar(255) COLLATE utf8mb4_unicode_ci DEFAULT NULL,
  `created_at` timestamp NULL DEFAULT NULL,
  `updated_at` timestamp NULL DEFAULT NULL
) ENGINE=InnoDB DEFAULT CHARSET=utf8mb4 COLLATE=utf8mb4_unicode_ci;

--
-- Dumping data for table `groups`
--

INSERT INTO `groups` (`groupid`, `projectid`, `name`, `created_at`, `updated_at`) VALUES
(1, 2, 'نظام إدارة التخرج', '2025-05-02 12:59:10', '2025-05-02 12:59:10'),
(2, 3, 'نظام إدارة التخرج', '2025-05-02 12:59:31', '2025-05-02 12:59:31'),
(3, 4, 'نظام إدارة التخرج', '2025-05-02 12:59:59', '2025-05-02 12:59:59'),
(4, 5, 'نظام إدارة التخرج', '2025-05-02 13:06:20', '2025-05-02 13:06:20'),
(5, 7, 'نظام إدارة التخرج', '2025-05-02 13:14:18', '2025-05-02 13:14:18'),
(6, 8, 'نظام إدارة التخرج', '2025-05-02 13:20:55', '2025-05-02 13:20:55'),
(7, 9, 'نظام إدارة التخرج', '2025-05-02 14:13:04', '2025-05-02 14:13:04'),
(8, 10, 'نظام إدارة التخرج', '2025-05-02 14:17:57', '2025-05-02 14:17:57'),
(9, 11, 'نظام إدارة التخرج', '2025-05-02 14:20:25', '2025-05-02 14:20:25'),
(10, 12, 'ksfdkfm', '2025-05-03 08:40:36', '2025-05-03 08:40:36'),
(11, 13, 'ksfdkfm', '2025-05-03 08:40:40', '2025-05-03 08:40:40'),
(12, 14, 'ksfdkfm', '2025-05-03 08:40:43', '2025-05-03 08:40:43'),
(13, 15, 'ksfdkfm', '2025-05-03 08:40:44', '2025-05-03 08:40:44'),
(14, 16, 'ksfdkfm', '2025-05-03 08:40:45', '2025-05-03 08:40:45'),
(15, 17, 'ksfdkfm', '2025-05-03 08:40:46', '2025-05-03 08:40:46'),
(16, 18, 'ksfdkfm', '2025-05-03 08:40:46', '2025-05-03 08:40:46'),
(17, 19, 'ksfdkfm', '2025-05-03 08:40:49', '2025-05-03 08:40:49'),
(18, 20, 'ksfdkfm', '2025-05-03 08:40:49', '2025-05-03 08:40:49'),
(19, 21, 'ksfdkfm', '2025-05-03 08:40:51', '2025-05-03 08:40:51'),
(20, 22, 'ksfdkfm', '2025-05-03 08:40:53', '2025-05-03 08:40:53'),
(21, 23, 'ksfdkfm', '2025-05-03 08:40:54', '2025-05-03 08:40:54'),
(22, 24, 'ksfdkfm', '2025-05-03 08:40:55', '2025-05-03 08:40:55'),
(23, 25, 'ksfdkfm', '2025-05-03 08:40:55', '2025-05-03 08:40:55'),
(24, 26, 'ksfdkfm', '2025-05-03 08:41:01', '2025-05-03 08:41:01'),
(25, 27, 'ksfdkfm', '2025-05-03 08:41:02', '2025-05-03 08:41:02'),
(26, 28, 'ksfdkfm', '2025-05-03 08:41:03', '2025-05-03 08:41:03'),
(27, 29, 'ksfdkfm', '2025-05-03 08:41:03', '2025-05-03 08:41:03'),
(28, 30, 'ksfdkfm', '2025-05-03 08:41:04', '2025-05-03 08:41:04'),
(29, 31, 'ksfdkfm', '2025-05-03 08:41:41', '2025-05-03 08:41:41'),
(30, 32, 'ksfdkfm', '2025-05-03 08:43:33', '2025-05-03 08:43:33'),
(31, 33, 'ksfdkfm', '2025-05-03 08:43:35', '2025-05-03 08:43:35'),
(32, 34, 'ksfdkfm', '2025-05-03 08:43:36', '2025-05-03 08:43:36'),
(33, 35, 'ksfdkfm', '2025-05-03 08:43:37', '2025-05-03 08:43:37'),
(34, 36, 'ksfdkfm', '2025-05-03 08:43:38', '2025-05-03 08:43:38'),
(35, 37, 'ksfdkfm', '2025-05-03 08:43:44', '2025-05-03 08:43:44'),
(36, 38, 'ksfdkfm', '2025-05-03 08:43:47', '2025-05-03 08:43:47'),
(37, 39, 'ksfdkfm', '2025-05-03 08:43:48', '2025-05-03 08:43:48'),
(38, 40, 'ksfdkfm', '2025-05-03 08:44:22', '2025-05-03 08:44:22'),
(39, 41, 'ksfdkfm', '2025-05-03 08:44:22', '2025-05-03 08:44:22'),
(40, 42, 'ksfdkfm', '2025-05-03 08:44:23', '2025-05-03 08:44:23'),
(41, 43, 'ksfdkfm', '2025-05-03 09:00:23', '2025-05-03 09:00:23'),
(42, 44, 'ksfdkfm', '2025-05-03 09:01:23', '2025-05-03 09:01:23'),
(43, 45, 'ksfdkfm', '2025-05-03 16:21:38', '2025-05-03 16:21:38'),
(44, 46, 'jsfj`j`', '2025-05-03 16:42:38', '2025-05-03 16:42:38'),
(45, 47, 'نظام إدارة المشاريع', '2025-05-07 04:25:33', '2025-05-07 04:25:33'),
(46, 48, 'نظام إدارة التخرج', '2025-05-07 09:00:46', '2025-05-07 09:00:46'),
(47, 49, 'مشروع تخرج جديد', '2025-05-07 11:46:06', '2025-05-07 11:46:06'),
(48, 50, 'مشروع تخرج جديد', '2025-05-07 11:46:30', '2025-05-07 11:46:30'),
(49, 51, 'مشروع تخرج جديد', '2025-05-07 11:46:56', '2025-05-07 11:46:56'),
(50, 52, 'مشروع تخرج جديد', '2025-05-07 12:24:32', '2025-05-07 12:24:32'),
(51, 54, 'مشروع التخرج', '2025-05-07 15:31:42', '2025-05-07 15:31:42'),
(52, 55, 'مشروع تطوير نظام إدارة المهام', '2025-05-07 15:56:20', '2025-05-07 15:56:20');

-- --------------------------------------------------------

--
-- Table structure for table `group_student`
--

CREATE TABLE `group_student` (
  `studentId` bigint UNSIGNED NOT NULL,
  `groupid` bigint UNSIGNED NOT NULL,
  `status` varchar(255) COLLATE utf8mb4_unicode_ci NOT NULL DEFAULT 'pending',
  `created_at` timestamp NULL DEFAULT NULL,
  `updated_at` timestamp NULL DEFAULT NULL
) ENGINE=InnoDB DEFAULT CHARSET=utf8mb4 COLLATE=utf8mb4_unicode_ci;

--
-- Dumping data for table `group_student`
--

INSERT INTO `group_student` (`studentId`, `groupid`, `status`, `created_at`, `updated_at`) VALUES
(2, 44, 'pending', '2025-05-03 16:42:38', '2025-05-03 16:42:38'),
(3, 6, 'pending', '2025-05-02 13:20:55', '2025-05-02 13:20:55'),
(3, 7, 'pending', '2025-05-02 14:13:04', '2025-05-02 14:13:04'),
(3, 8, 'pending', '2025-05-02 14:17:57', '2025-05-02 14:17:57'),
(3, 9, 'pending', '2025-05-02 14:20:25', '2025-05-02 14:20:25'),
(3, 47, 'pending', '2025-05-07 11:46:06', '2025-05-07 11:46:06'),
(4, 45, 'pending', '2025-05-07 04:25:33', '2025-05-07 04:25:33'),
(4, 51, 'pending', '2025-05-07 15:31:43', '2025-05-07 15:31:43'),
(4, 52, 'pending', NULL, NULL),
(5, 47, 'pending', '2025-05-07 11:46:06', '2025-05-07 11:46:06');

-- --------------------------------------------------------

--
-- Table structure for table `group_supervisor`
--

CREATE TABLE `group_supervisor` (
  `supervisorId` bigint UNSIGNED NOT NULL,
  `groupid` bigint UNSIGNED NOT NULL,
  `status` varchar(255) COLLATE utf8mb4_unicode_ci NOT NULL DEFAULT 'pending',
  `created_at` timestamp NULL DEFAULT NULL,
  `updated_at` timestamp NULL DEFAULT NULL
) ENGINE=InnoDB DEFAULT CHARSET=utf8mb4 COLLATE=utf8mb4_unicode_ci;

--
-- Dumping data for table `group_supervisor`
--

INSERT INTO `group_supervisor` (`supervisorId`, `groupid`, `status`, `created_at`, `updated_at`) VALUES
(1, 6, 'pending', '2025-05-02 13:20:55', '2025-05-02 13:20:55'),
(1, 7, 'pending', '2025-05-02 14:13:04', '2025-05-02 14:13:04'),
(1, 8, 'pending', '2025-05-02 14:17:57', '2025-05-02 14:17:57'),
(1, 9, 'pending', '2025-05-02 14:20:25', '2025-05-02 14:20:25'),
(1, 44, 'pending', '2025-05-03 16:42:38', '2025-05-03 16:42:38'),
(1, 52, 'approved', NULL, '2025-05-07 16:04:21'),
(4, 45, 'pending', '2025-05-07 04:25:33', '2025-05-07 04:25:33'),
(4, 49, 'pending', '2025-05-07 11:46:56', '2025-05-07 11:46:56'),
(4, 51, 'pending', '2025-05-07 15:31:43', '2025-05-07 15:31:43');

-- --------------------------------------------------------

--
-- Table structure for table `migrations`
--

CREATE TABLE `migrations` (
  `id` int UNSIGNED NOT NULL,
  `migration` varchar(255) COLLATE utf8mb4_unicode_ci NOT NULL,
  `batch` int NOT NULL
) ENGINE=InnoDB DEFAULT CHARSET=utf8mb4 COLLATE=utf8mb4_unicode_ci;

--
-- Dumping data for table `migrations`
--

INSERT INTO `migrations` (`id`, `migration`, `batch`) VALUES
(1, '2014_10_12_100000_create_password_reset_tokens_table', 1),
(2, '2019_08_19_000000_create_failed_jobs_table', 1),
(3, '2019_12_14_000001_create_personal_access_tokens_table', 1),
(4, '2025_03_10_124240_create_users_table', 1),
(5, '2025_03_10_124539_create_students_table', 1),
(6, '2025_03_10_124539_create_supervisors_table', 1),
(7, '2025_03_10_124540_create_department_heads_table', 1),
(8, '2025_03_10_124540_create_project_coordinators_table', 1),
(9, '2025_03_10_124541_create_alumni_table', 1),
(10, '2025_03_14_142121_update_users_table', 1),
(11, '2025_04_09_200307_create_project_proposals_table', 2),
(12, '2025_04_10_080119_create_proposal_relations_tables', 3),
(13, '2025_04_14_101408_add_requirements_to_project_proposals_table', 4),
(14, '2025_04_23_081735_create_notifications_table', 5),
(15, '2025_04_23_222205_create_projects_table', 6),
(16, '2025_04_24_163506_create_discussionschedules_table', 6),
(17, '2025_05_02_143337_create_groups_table', 7),
(20, '2025_05_02_143707_create_group_student_table', 8),
(21, '2025_05_02_143816_create_group_supervisor_table', 8),
(22, '2025_05_04_123431_create_skills_table', 9),
(23, '2025_05_04_123517_create_skill_student_table', 9),
(24, '2025_05_04_182410_add_experience_and_gpa_to_students_table', 10),
(25, '2025_05_07_085338_create_project_stages_table', 11),
(26, '2025_05_07_085437_create_stage_submissions_table', 11);

-- --------------------------------------------------------

--
-- Table structure for table `notifications`
--

CREATE TABLE `notifications` (
  `id` bigint UNSIGNED NOT NULL,
  `type` varchar(255) COLLATE utf8mb4_unicode_ci NOT NULL,
  `notifiable_type` varchar(255) COLLATE utf8mb4_unicode_ci NOT NULL,
  `notifiable_id` bigint UNSIGNED NOT NULL,
  `data` text COLLATE utf8mb4_unicode_ci NOT NULL,
  `read_at` timestamp NULL DEFAULT NULL,
  `created_at` timestamp NULL DEFAULT NULL,
  `updated_at` timestamp NULL DEFAULT NULL
) ENGINE=InnoDB DEFAULT CHARSET=utf8mb4 COLLATE=utf8mb4_unicode_ci;

--
-- Dumping data for table `notifications`
--

INSERT INTO `notifications` (`id`, `type`, `notifiable_type`, `notifiable_id`, `data`, `read_at`, `created_at`, `updated_at`) VALUES
(1, 'real_time', 'App\\Models\\User', 7, '{\"message\":\"\\u0647\\u0630\\u0627 \\u0627\\u062e\\u062a\\u0628\\u0627\\u0631 \\u0644\\u0644\\u0625\\u0634\\u0639\\u0627\\u0631 \\u0627\\u0644\\u0641\\u0648\\u0631\\u064a\",\"time\":\"2025-04-24 10:44:08\",\"proposal_id\":123,\"custom_data\":\"\\u0623\\u064a \\u0628\\u064a\\u0627\\u0646\\u0627\\u062a \\u0625\\u0636\\u0627\\u0641\\u064a\\u0629\"}', NULL, '2025-04-24 07:44:08', '2025-04-24 07:44:08'),
(2, 'real_time', 'App\\Models\\User', 7, '{\"message\":\"\\u0647\\u0630\\u0627 \\u0627\\u062e\\u062a\\u0628\\u0627\\u0631 \\u0644\\u0644\\u0625\\u0634\\u0639\\u0627\\u0631 \\u0627\\u0644\\u0641\\u0648\\u0631\\u064a\",\"time\":\"2025-04-24 10:24:03\",\"proposal_id\":123,\"custom_data\":\"\\u0623\\u064a \\u0628\\u064a\\u0627\\u0646\\u0627\\u062a \\u0625\\u0636\\u0627\\u0641\\u064a\\u0629\"}', NULL, '2025-04-24 07:24:03', '2025-04-24 07:24:03'),
(3, 'real_time', 'App\\Models\\User', 10, '{\"message\":\"\\u062a\\u0645 \\u0627\\u062e\\u062a\\u064a\\u0627\\u0631\\u0643 \\u0644\\u0644\\u0627\\u0646\\u0636\\u0645\\u0627\\u0645 \\u0625\\u0644\\u0649 \\u0645\\u0634\\u0631\\u0648\\u0639 \\u062c\\u062f\\u064a\\u062f\\u060c \\u064a\\u0631\\u062c\\u0649 \\u0627\\u0644\\u0645\\u0648\\u0627\\u0641\\u0642\\u0629.\",\"time\":\"2025-05-02 17:17:57\"}', NULL, '2025-05-02 14:17:57', '2025-05-02 14:17:57'),
(4, 'real_time', 'App\\Models\\User', 10, '{\"message\":\"\\u062a\\u0645 \\u0627\\u062e\\u062a\\u064a\\u0627\\u0631\\u0643 \\u0644\\u0644\\u0627\\u0646\\u0636\\u0645\\u0627\\u0645 \\u0625\\u0644\\u0649 \\u0645\\u0634\\u0631\\u0648\\u0639 \\u062c\\u062f\\u064a\\u062f\\u060c \\u064a\\u0631\\u062c\\u0649 \\u0627\\u0644\\u0645\\u0648\\u0627\\u0641\\u0642\\u0629.\",\"time\":\"2025-05-02 17:20:25\"}', NULL, '2025-05-02 14:20:25', '2025-05-02 14:20:25'),
(5, 'real_time', 'App\\Models\\User', 11, '{\"message\":\"\\u062a\\u0645 \\u0627\\u062e\\u062a\\u064a\\u0627\\u0631\\u0643 \\u0643\\u0645\\u0634\\u0631\\u0641 \\u0639\\u0644\\u0649 \\u0645\\u0634\\u0631\\u0648\\u0639 \\u062c\\u062f\\u064a\\u062f\\u060c \\u064a\\u0631\\u062c\\u0649 \\u0627\\u0644\\u0645\\u0648\\u0627\\u0641\\u0642\\u0629.\",\"time\":\"2025-05-02 17:20:28\"}', NULL, '2025-05-02 14:20:28', '2025-05-02 14:20:28'),
(6, 'real_time', 'App\\Models\\User', 7, '{\"message\":\"\\u062a\\u0645 \\u0627\\u062e\\u062a\\u064a\\u0627\\u0631\\u0643 \\u0644\\u0644\\u0627\\u0646\\u0636\\u0645\\u0627\\u0645 \\u0625\\u0644\\u0649 \\u0645\\u0634\\u0631\\u0648\\u0639 \\u062c\\u062f\\u064a\\u062f\\u060c \\u064a\\u0631\\u062c\\u0649 \\u0627\\u0644\\u0645\\u0648\\u0627\\u0641\\u0642\\u0629.\",\"time\":\"2025-05-03 19:42:38\"}', NULL, '2025-05-03 16:42:38', '2025-05-03 16:42:38'),
(7, 'real_time', 'App\\Models\\User', 11, '{\"message\":\"\\u062a\\u0645 \\u0627\\u062e\\u062a\\u064a\\u0627\\u0631\\u0643 \\u0643\\u0645\\u0634\\u0631\\u0641 \\u0639\\u0644\\u0649 \\u0645\\u0634\\u0631\\u0648\\u0639 \\u062c\\u062f\\u064a\\u062f\\u060c \\u064a\\u0631\\u062c\\u0649 \\u0627\\u0644\\u0645\\u0648\\u0627\\u0641\\u0642\\u0629.\",\"time\":\"2025-05-03 19:42:41\"}', NULL, '2025-05-03 16:42:41', '2025-05-03 16:42:41'),
(8, 'real_time', 'App\\Models\\User', 14, '{\"message\":\"\\u062a\\u0645 \\u0627\\u062e\\u062a\\u064a\\u0627\\u0631\\u0643 \\u0644\\u0644\\u0627\\u0646\\u0636\\u0645\\u0627\\u0645 \\u0625\\u0644\\u0649 \\u0645\\u0634\\u0631\\u0648\\u0639 \\u062c\\u062f\\u064a\\u062f\\u060c \\u064a\\u0631\\u062c\\u0649 \\u0627\\u0644\\u0645\\u0648\\u0627\\u0641\\u0642\\u0629.\",\"time\":\"2025-05-07 07:25:33\"}', NULL, '2025-05-07 04:25:33', '2025-05-07 04:25:33'),
(9, 'real_time', 'App\\Models\\User', 171, '{\"message\":\"\\u062a\\u0645 \\u0627\\u062e\\u062a\\u064a\\u0627\\u0631\\u0643 \\u0643\\u0645\\u0634\\u0631\\u0641 \\u0639\\u0644\\u0649 \\u0645\\u0634\\u0631\\u0648\\u0639 \\u062c\\u062f\\u064a\\u062f\\u060c \\u064a\\u0631\\u062c\\u0649 \\u0627\\u0644\\u0645\\u0648\\u0627\\u0641\\u0642\\u0629.\",\"time\":\"2025-05-07 07:25:38\"}', NULL, '2025-05-07 04:25:38', '2025-05-07 04:25:38'),
(10, 'real_time', 'App\\Models\\User', 10, '{\"message\":\"\\u062a\\u0645 \\u0627\\u062e\\u062a\\u064a\\u0627\\u0631\\u0643 \\u0644\\u0644\\u0627\\u0646\\u0636\\u0645\\u0627\\u0645 \\u0625\\u0644\\u0649 \\u0645\\u0634\\u0631\\u0648\\u0639 \\u062c\\u062f\\u064a\\u062f\\u060c \\u064a\\u0631\\u062c\\u0649 \\u0627\\u0644\\u0645\\u0648\\u0627\\u0641\\u0642\\u0629.\",\"time\":\"2025-05-07 14:46:06\"}', NULL, '2025-05-07 11:46:07', '2025-05-07 11:46:07'),
(11, 'real_time', 'App\\Models\\User', 15, '{\"message\":\"\\u062a\\u0645 \\u0627\\u062e\\u062a\\u064a\\u0627\\u0631\\u0643 \\u0644\\u0644\\u0627\\u0646\\u0636\\u0645\\u0627\\u0645 \\u0625\\u0644\\u0649 \\u0645\\u0634\\u0631\\u0648\\u0639 \\u062c\\u062f\\u064a\\u062f\\u060c \\u064a\\u0631\\u062c\\u0649 \\u0627\\u0644\\u0645\\u0648\\u0627\\u0641\\u0642\\u0629.\",\"time\":\"2025-05-07 14:46:11\"}', NULL, '2025-05-07 11:46:11', '2025-05-07 11:46:11'),
(12, 'real_time', 'App\\Models\\User', 171, '{\"message\":\"\\u062a\\u0645 \\u0627\\u062e\\u062a\\u064a\\u0627\\u0631\\u0643 \\u0643\\u0645\\u0634\\u0631\\u0641 \\u0639\\u0644\\u0649 \\u0645\\u0634\\u0631\\u0648\\u0639 \\u062c\\u062f\\u064a\\u062f\\u060c \\u064a\\u0631\\u062c\\u0649 \\u0627\\u0644\\u0645\\u0648\\u0627\\u0641\\u0642\\u0629.\",\"time\":\"2025-05-07 14:46:56\"}', NULL, '2025-05-07 11:46:56', '2025-05-07 11:46:56'),
(13, 'real_time', 'App\\Models\\User', 14, '{\"message\":\"\\u062a\\u0645 \\u0627\\u062e\\u062a\\u064a\\u0627\\u0631\\u0643 \\u0644\\u0644\\u0627\\u0646\\u0636\\u0645\\u0627\\u0645 \\u0625\\u0644\\u0649 \\u0645\\u0634\\u0631\\u0648\\u0639 \\u062c\\u062f\\u064a\\u062f\\u060c \\u064a\\u0631\\u062c\\u0649 \\u0627\\u0644\\u0645\\u0648\\u0627\\u0641\\u0642\\u0629.\",\"time\":\"2025-05-07 18:31:43\"}', NULL, '2025-05-07 15:31:43', '2025-05-07 15:31:43'),
(14, 'real_time', 'App\\Models\\User', 171, '{\"message\":\"\\u062a\\u0645 \\u0627\\u062e\\u062a\\u064a\\u0627\\u0631\\u0643 \\u0643\\u0645\\u0634\\u0631\\u0641 \\u0639\\u0644\\u0649 \\u0645\\u0634\\u0631\\u0648\\u0639 \\u062c\\u062f\\u064a\\u062f\\u060c \\u064a\\u0631\\u062c\\u0649 \\u0627\\u0644\\u0645\\u0648\\u0627\\u0641\\u0642\\u0629.\",\"time\":\"2025-05-07 18:31:47\"}', NULL, '2025-05-07 15:31:47', '2025-05-07 15:31:47'),
(15, 'real_time', 'App\\Models\\User', 14, '{\"message\":\"\\u062a\\u0645 \\u0627\\u062e\\u062a\\u064a\\u0627\\u0631\\u0643 \\u0644\\u0644\\u0627\\u0646\\u0636\\u0645\\u0627\\u0645 \\u0625\\u0644\\u0649 \\u0645\\u0634\\u0631\\u0648\\u0639 \\u062c\\u062f\\u064a\\u062f\\u060c \\u064a\\u0631\\u062c\\u0649 \\u0627\\u0644\\u0645\\u0648\\u0627\\u0641\\u0642\\u0629.\",\"time\":\"2025-05-07 18:56:20\"}', NULL, '2025-05-07 15:56:20', '2025-05-07 15:56:20'),
(16, 'real_time', 'App\\Models\\User', 11, '{\"message\":\"\\u062a\\u0645 \\u0627\\u062e\\u062a\\u064a\\u0627\\u0631\\u0643 \\u0643\\u0645\\u0634\\u0631\\u0641 \\u0639\\u0644\\u0649 \\u0645\\u0634\\u0631\\u0648\\u0639 \\u062c\\u062f\\u064a\\u062f\\u060c \\u064a\\u0631\\u062c\\u0649 \\u0627\\u0644\\u0645\\u0648\\u0627\\u0641\\u0642\\u0629.\",\"time\":\"2025-05-07 18:56:20\"}', NULL, '2025-05-07 15:56:20', '2025-05-07 15:56:20');

-- --------------------------------------------------------

--
-- Table structure for table `password_reset_tokens`
--

CREATE TABLE `password_reset_tokens` (
  `email` varchar(255) COLLATE utf8mb4_unicode_ci NOT NULL,
  `token` varchar(255) COLLATE utf8mb4_unicode_ci NOT NULL,
  `created_at` timestamp NULL DEFAULT NULL
) ENGINE=InnoDB DEFAULT CHARSET=utf8mb4 COLLATE=utf8mb4_unicode_ci;

-- --------------------------------------------------------

--
-- Table structure for table `personal_access_tokens`
--

CREATE TABLE `personal_access_tokens` (
  `id` bigint UNSIGNED NOT NULL,
  `tokenable_type` varchar(255) COLLATE utf8mb4_unicode_ci NOT NULL,
  `tokenable_id` bigint UNSIGNED NOT NULL,
  `name` varchar(255) COLLATE utf8mb4_unicode_ci NOT NULL,
  `token` varchar(64) COLLATE utf8mb4_unicode_ci NOT NULL,
  `abilities` text COLLATE utf8mb4_unicode_ci,
  `last_used_at` timestamp NULL DEFAULT NULL,
  `expires_at` timestamp NULL DEFAULT NULL,
  `created_at` timestamp NULL DEFAULT NULL,
  `updated_at` timestamp NULL DEFAULT NULL
) ENGINE=InnoDB DEFAULT CHARSET=utf8mb4 COLLATE=utf8mb4_unicode_ci;

-- --------------------------------------------------------

--
-- Table structure for table `projects`
--

CREATE TABLE `projects` (
  `projectid` bigint UNSIGNED NOT NULL,
  `title` varchar(255) COLLATE utf8mb4_unicode_ci NOT NULL,
  `description` text COLLATE utf8mb4_unicode_ci,
  `startdate` date NOT NULL,
  `enddate` date NOT NULL,
  `status` enum('pending','in_progress','completed') COLLATE utf8mb4_unicode_ci NOT NULL DEFAULT 'pending',
  `headid` bigint UNSIGNED NOT NULL,
  `created_at` timestamp NULL DEFAULT NULL,
  `updated_at` timestamp NULL DEFAULT NULL
) ENGINE=InnoDB DEFAULT CHARSET=utf8mb4 COLLATE=utf8mb4_unicode_ci;

--
-- Dumping data for table `projects`
--

INSERT INTO `projects` (`projectid`, `title`, `description`, `startdate`, `enddate`, `status`, `headid`, `created_at`, `updated_at`) VALUES
(1, 'نظام إدارة التخرج', 'مشروع لتنسيق ومتابعة مشاريع التخرج', '2025-05-01', '2025-07-01', 'pending', 7, '2025-05-02 12:49:07', '2025-05-02 12:49:07'),
(2, 'نظام إدارة التخرج', 'مشروع لتنسيق ومتابعة مشاريع التخرج', '2025-05-01', '2025-07-01', 'pending', 7, '2025-05-02 12:59:10', '2025-05-02 12:59:10'),
(3, 'نظام إدارة التخرج', 'مشروع لتنسيق ومتابعة مشاريع التخرج', '2025-05-01', '2025-07-01', 'pending', 7, '2025-05-02 12:59:31', '2025-05-02 12:59:31'),
(4, 'نظام إدارة التخرج', 'مشروع لتنسيق ومتابعة مشاريع التخرج', '2025-05-01', '2025-07-01', 'pending', 7, '2025-05-02 12:59:59', '2025-05-02 12:59:59'),
(5, 'نظام إدارة التخرج', 'مشروع لتنسيق ومتابعة مشاريع التخرج', '2025-05-01', '2025-07-01', 'pending', 7, '2025-05-02 13:06:20', '2025-05-02 13:06:20'),
(6, 'نظام إدارة التخرج', 'مشروع لتنسيق ومتابعة مشاريع التخرج', '2025-05-01', '2025-07-01', 'pending', 7, '2025-05-02 13:13:44', '2025-05-02 13:13:44'),
(7, 'نظام إدارة التخرج', 'مشروع لتنسيق ومتابعة مشاريع التخرج', '2025-05-01', '2025-07-01', 'pending', 7, '2025-05-02 13:14:18', '2025-05-02 13:14:18'),
(8, 'نظام إدارة التخرج', 'مشروع لتنسيق ومتابعة مشاريع التخرج', '2025-05-01', '2025-07-01', 'pending', 7, '2025-05-02 13:20:55', '2025-05-02 13:20:55'),
(9, 'نظام إدارة التخرج', 'مشروع لتنسيق ومتابعة مشاريع التخرج', '2025-05-01', '2025-07-01', 'pending', 7, '2025-05-02 14:13:04', '2025-05-02 14:13:04'),
(10, 'نظام إدارة التخرج', 'مشروع لتنسيق ومتابعة مشاريع التخرج', '2025-05-01', '2025-07-01', 'pending', 7, '2025-05-02 14:17:57', '2025-05-02 14:17:57'),
(11, 'نظام إدارة التخرج', 'مشروع لتنسيق ومتابعة مشاريع التخرج', '2025-05-01', '2025-07-01', 'pending', 7, '2025-05-02 14:20:25', '2025-05-02 14:20:25'),
(12, 'ksfdkfm', 'jfskljds', '2025-05-30', '2025-05-30', 'pending', 7, '2025-05-03 08:40:36', '2025-05-03 08:40:36'),
(13, 'ksfdkfm', 'jfskljds', '2025-05-30', '2025-05-30', 'pending', 7, '2025-05-03 08:40:40', '2025-05-03 08:40:40'),
(14, 'ksfdkfm', 'jfskljds', '2025-05-30', '2025-05-30', 'pending', 7, '2025-05-03 08:40:43', '2025-05-03 08:40:43'),
(15, 'ksfdkfm', 'jfskljds', '2025-05-30', '2025-05-30', 'pending', 7, '2025-05-03 08:40:44', '2025-05-03 08:40:44'),
(16, 'ksfdkfm', 'jfskljds', '2025-05-30', '2025-05-30', 'pending', 7, '2025-05-03 08:40:45', '2025-05-03 08:40:45'),
(17, 'ksfdkfm', 'jfskljds', '2025-05-30', '2025-05-30', 'pending', 7, '2025-05-03 08:40:46', '2025-05-03 08:40:46'),
(18, 'ksfdkfm', 'jfskljds', '2025-05-30', '2025-05-30', 'pending', 7, '2025-05-03 08:40:46', '2025-05-03 08:40:46'),
(19, 'ksfdkfm', 'jfskljds', '2025-05-30', '2025-05-30', 'pending', 7, '2025-05-03 08:40:49', '2025-05-03 08:40:49'),
(20, 'ksfdkfm', 'jfskljds', '2025-05-30', '2025-05-30', 'pending', 7, '2025-05-03 08:40:49', '2025-05-03 08:40:49'),
(21, 'ksfdkfm', 'jfskljds', '2025-05-30', '2025-05-30', 'pending', 7, '2025-05-03 08:40:51', '2025-05-03 08:40:51'),
(22, 'ksfdkfm', 'jfskljds', '2025-05-30', '2025-05-30', 'pending', 7, '2025-05-03 08:40:53', '2025-05-03 08:40:53'),
(23, 'ksfdkfm', 'jfskljds', '2025-05-30', '2025-05-30', 'pending', 7, '2025-05-03 08:40:54', '2025-05-03 08:40:54'),
(24, 'ksfdkfm', 'jfskljds', '2025-05-30', '2025-05-30', 'pending', 7, '2025-05-03 08:40:55', '2025-05-03 08:40:55'),
(25, 'ksfdkfm', 'jfskljds', '2025-05-30', '2025-05-30', 'pending', 7, '2025-05-03 08:40:55', '2025-05-03 08:40:55'),
(26, 'ksfdkfm', 'jfskljds', '2025-05-30', '2025-05-30', 'pending', 7, '2025-05-03 08:41:01', '2025-05-03 08:41:01'),
(27, 'ksfdkfm', 'jfskljds', '2025-05-30', '2025-05-30', 'pending', 7, '2025-05-03 08:41:02', '2025-05-03 08:41:02'),
(28, 'ksfdkfm', 'jfskljds', '2025-05-30', '2025-05-30', 'pending', 7, '2025-05-03 08:41:03', '2025-05-03 08:41:03'),
(29, 'ksfdkfm', 'jfskljds', '2025-05-30', '2025-05-30', 'pending', 7, '2025-05-03 08:41:03', '2025-05-03 08:41:03'),
(30, 'ksfdkfm', 'jfskljds', '2025-05-30', '2025-05-30', 'pending', 7, '2025-05-03 08:41:04', '2025-05-03 08:41:04'),
(31, 'ksfdkfm', 'jfskljds', '2025-05-30', '2025-05-30', 'pending', 7, '2025-05-03 08:41:41', '2025-05-03 08:41:41'),
(32, 'ksfdkfm', 'njfshj', '2025-05-29', '2025-05-31', 'pending', 7, '2025-05-03 08:43:33', '2025-05-03 08:43:33'),
(33, 'ksfdkfm', 'njfshj', '2025-05-29', '2025-05-31', 'pending', 7, '2025-05-03 08:43:35', '2025-05-03 08:43:35'),
(34, 'ksfdkfm', 'njfshj', '2025-05-29', '2025-05-31', 'pending', 7, '2025-05-03 08:43:36', '2025-05-03 08:43:36'),
(35, 'ksfdkfm', 'njfshj', '2025-05-29', '2025-05-31', 'pending', 7, '2025-05-03 08:43:37', '2025-05-03 08:43:37'),
(36, 'ksfdkfm', 'njfshj', '2025-05-29', '2025-05-31', 'pending', 7, '2025-05-03 08:43:38', '2025-05-03 08:43:38'),
(37, 'ksfdkfm', 'njfshj', '2025-05-29', '2025-05-31', 'pending', 7, '2025-05-03 08:43:44', '2025-05-03 08:43:44'),
(38, 'ksfdkfm', 'njfshj', '2025-05-29', '2025-05-31', 'pending', 7, '2025-05-03 08:43:47', '2025-05-03 08:43:47'),
(39, 'ksfdkfm', 'njfshj', '2025-05-29', '2025-05-31', 'pending', 7, '2025-05-03 08:43:48', '2025-05-03 08:43:48'),
(40, 'ksfdkfm', 'njfshj', '2025-05-29', '2025-05-31', 'pending', 7, '2025-05-03 08:44:22', '2025-05-03 08:44:22'),
(41, 'ksfdkfm', 'njfshj', '2025-05-29', '2025-05-31', 'pending', 7, '2025-05-03 08:44:22', '2025-05-03 08:44:22'),
(42, 'ksfdkfm', 'njfshj', '2025-05-29', '2025-05-31', 'pending', 7, '2025-05-03 08:44:23', '2025-05-03 08:44:23'),
(43, 'ksfdkfm', 'وسةشيبة', '2025-05-22', '2025-05-31', 'pending', 7, '2025-05-03 09:00:23', '2025-05-03 09:00:23'),
(44, 'ksfdkfm', 'وسةشيبة', '2025-05-22', '2025-05-31', 'pending', 7, '2025-05-03 09:01:23', '2025-05-03 09:01:23'),
(45, 'ksfdkfm', 'dmkfkma', '2025-05-08', '2025-05-29', 'pending', 7, '2025-05-03 16:21:38', '2025-05-03 16:21:38'),
(46, 'jsfj`j`', 'nsfjn', '2025-05-28', '2025-05-31', 'pending', 7, '2025-05-03 16:42:38', '2025-05-03 16:42:38'),
(47, 'نظام إدارة المشاريع', 'نظام لتنسيق المشاريع الطلابية مع المشرفين.', '2025-06-01', '2025-12-01', 'pending', 7, '2025-05-07 04:25:33', '2025-05-07 04:25:33'),
(48, 'نظام إدارة التخرج', 'مشروع لتنسيق ومتابعة مشاريع التخرج', '2025-05-01', '2025-07-01', 'pending', 7, '2025-05-07 09:00:46', '2025-05-07 09:00:46'),
(49, 'مشروع تخرج جديد', 'وصف تفصيلي للمشروع وأهدافه.', '2025-06-01', '2025-12-15', 'pending', 7, '2025-05-07 11:46:06', '2025-05-07 11:46:06'),
(50, 'مشروع تخرج جديد', 'وصف تفصيلي للمشروع وأهدافه.', '2025-06-01', '2025-12-15', 'pending', 7, '2025-05-07 11:46:30', '2025-05-07 11:46:30'),
(51, 'مشروع تخرج جديد', 'وصف تفصيلي للمشروع وأهدافه.', '2025-06-01', '2025-12-15', 'pending', 7, '2025-05-07 11:46:56', '2025-05-07 11:46:56'),
(52, 'مشروع تخرج جديد', 'وصف تفصيلي للمشروع وأهدافه.', '2025-06-01', '2025-12-15', 'pending', 171, '2025-05-07 12:24:32', '2025-05-07 12:24:32'),
(53, 'مشروع التخرج', 'نظام إدارة المشاريع الطلابية', '2024-06-01', '2024-12-31', 'pending', 7, '2025-05-07 15:30:06', '2025-05-07 15:30:06'),
(54, 'مشروع التخرج', 'نظام إدارة المشاريع الطلابية', '2024-06-01', '2024-12-31', 'pending', 7, '2025-05-07 15:31:42', '2025-05-07 15:31:42'),
(55, 'مشروع تطوير نظام إدارة المهام', 'مشروع لإنشاء نظام متكامل لإدارة المهام والفريق', '2024-01-01', '2024-06-30', 'pending', 7, '2025-05-07 15:56:20', '2025-05-07 15:56:20');

-- --------------------------------------------------------

--
-- Table structure for table `project_coordinators`
--

CREATE TABLE `project_coordinators` (
  `coordinatorId` bigint UNSIGNED NOT NULL,
  `userId` bigint UNSIGNED NOT NULL,
  `created_at` timestamp NULL DEFAULT NULL,
  `updated_at` timestamp NULL DEFAULT NULL
) ENGINE=InnoDB DEFAULT CHARSET=utf8mb4 COLLATE=utf8mb4_unicode_ci;

--
-- Dumping data for table `project_coordinators`
--

INSERT INTO `project_coordinators` (`coordinatorId`, `userId`, `created_at`, `updated_at`) VALUES
(1, 9, '2025-04-09 09:56:03', '2025-04-09 09:56:03');

-- --------------------------------------------------------

--
-- Table structure for table `project_proposals`
--

CREATE TABLE `project_proposals` (
  `proposalId` bigint UNSIGNED NOT NULL,
  `leader_id` bigint UNSIGNED NOT NULL,
  `title` varchar(255) COLLATE utf8mb4_unicode_ci NOT NULL,
  `problem_statement` text COLLATE utf8mb4_unicode_ci NOT NULL,
  `problem_background` text COLLATE utf8mb4_unicode_ci NOT NULL,
  `problem_mindmap_path` varchar(255) COLLATE utf8mb4_unicode_ci DEFAULT NULL,
  `proposed_solution` text COLLATE utf8mb4_unicode_ci NOT NULL,
  `methodology` varchar(50) COLLATE utf8mb4_unicode_ci NOT NULL DEFAULT 'Agile',
  `technology_stack` json DEFAULT NULL,
  `functional_requirements` text COLLATE utf8mb4_unicode_ci,
  `non_functional_requirements` text COLLATE utf8mb4_unicode_ci,
  `created_at` timestamp NULL DEFAULT NULL,
  `updated_at` timestamp NULL DEFAULT NULL
) ENGINE=InnoDB DEFAULT CHARSET=utf8mb4 COLLATE=utf8mb4_unicode_ci;

--
-- Dumping data for table `project_proposals`
--

INSERT INTO `project_proposals` (`proposalId`, `leader_id`, `title`, `problem_statement`, `problem_background`, `problem_mindmap_path`, `proposed_solution`, `methodology`, `technology_stack`, `functional_requirements`, `non_functional_requirements`, `created_at`, `updated_at`) VALUES
(1, 2, 'مشروع نظام إدارة المقترحات', 'تمثل المشاريع الأكاديمية جزءا مهما من التعليم العالي , حيث تتيح للطلاب تطبيق المعرفة وتطوير ‏المهارات البحثية .‏\nلكن تبرز العديد من التحديات التي تستدعي نظاما لإدارة هذه المشاريع بكفاءة .‏\nأحد التحديا...', 'النطاق\nمن خلال البحث حول آلية إدارة جامعة الشام الخاصة لمشاريع الطلاب الأكاديمية، يتبين أن ‏الجامعة لا تملك نظاماً إلكترونياً لإدارة المشاريع، وتعتمد بدلاً من ذلك على وسائل التواصل مثل ‏واتساب وتلغرام...', 'mindmaps/4ooy46tdtFg6WZmPVO7ZUj9F2TKNpiYk6K2DWlb1.png', 'نظام إدارة المشاريع الأكاديمية بجامعة الشام الخاصة، يهدف إلى توفير أدوات متكاملة تساعد ‏الطلاب والمشرفين في متابعة المراحل الزمنية، والتحليل، وتوزيع المهام، وعرض المشاريع ‏المتميزة. يشمل النظام مكتبة...', 'Agile', '{\"Platform\": [\"Web\"], \"Databases\": [\"MySQL\"], \"Languages\": [\"PHP\"]}', NULL, NULL, '2025-04-11 14:24:19', '2025-04-11 14:24:19'),
(2, 2, 'مشروع نظام إدارة المقترحات', 'تمثل المشاريع الأكاديمية جزءا مهما من التعليم العالي , حيث تتيح للطلاب تطبيق المعرفة وتطوير ‏المهارات البحثية .‏\nلكن تبرز العديد من التحديات التي تستدعي نظاما لإدارة هذه المشاريع بكفاءة .‏\nأحد التحديا...', 'النطاق\nمن خلال البحث حول آلية إدارة جامعة الشام الخاصة لمشاريع الطلاب الأكاديمية، يتبين أن ‏الجامعة لا تملك نظاماً إلكترونياً لإدارة المشاريع، وتعتمد بدلاً من ذلك على وسائل التواصل مثل ‏واتساب وتلغرام...', 'mindmaps/JOcoXyBcOwC4CvpEALpB0EcezBWv85vtGoxENHZo.png', 'نظام إدارة المشاريع الأكاديمية بجامعة الشام الخاصة، يهدف إلى توفير أدوات متكاملة تساعد ‏الطلاب والمشرفين في متابعة المراحل الزمنية، والتحليل، وتوزيع المهام، وعرض المشاريع ‏المتميزة. يشمل النظام مكتبة...', 'Agile', '{\"Platform\": [\"Web\"], \"Databases\": [\"MySQL\"], \"Languages\": [\"PHP\"]}', NULL, NULL, '2025-04-11 14:25:20', '2025-04-11 14:25:20'),
(3, 2, 'مشروع نظام إدارة المقترحات', 'تمثل المشاريع الأكاديمية جزءا مهما من التعليم العالي , حيث تتيح للطلاب تطبيق المعرفة وتطوير ‏المهارات البحثية .‏\nلكن تبرز العديد من التحديات التي تستدعي نظاما لإدارة هذه المشاريع بكفاءة .‏\nأحد التحديا...', 'النطاق\nمن خلال البحث حول آلية إدارة جامعة الشام الخاصة لمشاريع الطلاب الأكاديمية، يتبين أن ‏الجامعة لا تملك نظاماً إلكترونياً لإدارة المشاريع، وتعتمد بدلاً من ذلك على وسائل التواصل مثل ‏واتساب وتلغرام...', 'mindmaps/dK0GxRYm6lILKxy2VKnvjb2BhOk7Fkr1M8TCBE37.png', 'نظام إدارة المشاريع الأكاديمية بجامعة الشام الخاصة، يهدف إلى توفير أدوات متكاملة تساعد ‏الطلاب والمشرفين في متابعة المراحل الزمنية، والتحليل، وتوزيع المهام، وعرض المشاريع ‏المتميزة. يشمل النظام مكتبة...', 'Agile', '{\"Platform\": [\"Web\"], \"Databases\": [\"MySQL\"], \"Languages\": [\"PHP\"]}', NULL, NULL, '2025-04-11 14:25:35', '2025-04-11 14:25:35'),
(4, 2, 'مشروع نظام إدارة المقترحات', 'تمثل المشاريع الأكاديمية جزءا مهما من التعليم العالي , حيث تتيح للطلاب تطبيق المعرفة وتطوير ‏المهارات البحثية .‏\nلكن تبرز العديد من التحديات التي تستدعي نظاما لإدارة هذه المشاريع بكفاءة .‏\nأحد التحديا...', 'النطاق\nمن خلال البحث حول آلية إدارة جامعة الشام الخاصة لمشاريع الطلاب الأكاديمية، يتبين أن ‏الجامعة لا تملك نظاماً إلكترونياً لإدارة المشاريع، وتعتمد بدلاً من ذلك على وسائل التواصل مثل ‏واتساب وتلغرام...', 'mindmaps/X2ZtX3siwxWTTQmsnpXoCDnVNSjoChJBaxQXpX0m.png', 'نظام إدارة المشاريع الأكاديمية بجامعة الشام الخاصة، يهدف إلى توفير أدوات متكاملة تساعد ‏الطلاب والمشرفين في متابعة المراحل الزمنية، والتحليل، وتوزيع المهام، وعرض المشاريع ‏المتميزة. يشمل النظام مكتبة...', 'Agile', '{\"Platform\": [\"Web\"], \"Databases\": [\"MySQL\"], \"Languages\": [\"PHP\"]}', NULL, NULL, '2025-04-11 14:25:46', '2025-04-11 14:25:46'),
(5, 2, 'مشروع نظام إدارة المقترحات', 'تمثل المشاريع الأكاديمية جزءا مهما من التعليم العالي , حيث تتيح للطلاب تطبيق المعرفة وتطوير ‏المهارات البحثية .‏\nلكن تبرز العديد من التحديات التي تستدعي نظاما لإدارة هذه المشاريع بكفاءة .‏\nأحد التحديا...', 'النطاق\nمن خلال البحث حول آلية إدارة جامعة الشام الخاصة لمشاريع الطلاب الأكاديمية، يتبين أن ‏الجامعة لا تملك نظاماً إلكترونياً لإدارة المشاريع، وتعتمد بدلاً من ذلك على وسائل التواصل مثل ‏واتساب وتلغرام...', 'mindmaps/YgrtycKMw7JRrjN0eU3f2GFkm4SzziIp1Ndf8STk.png', 'نظام إدارة المشاريع الأكاديمية بجامعة الشام الخاصة، يهدف إلى توفير أدوات متكاملة تساعد ‏الطلاب والمشرفين في متابعة المراحل الزمنية، والتحليل، وتوزيع المهام، وعرض المشاريع ‏المتميزة. يشمل النظام مكتبة...', 'Agile', '{\"Platform\": [\"Web\"], \"Databases\": [\"MySQL\"], \"Languages\": [\"PHP\"]}', NULL, NULL, '2025-04-11 14:26:08', '2025-04-11 14:26:08'),
(6, 2, 'مشروع نظام إدارة المقترحات', 'تمثل المشاريع الأكاديمية جزءا مهما من التعليم العالي , حيث تتيح للطلاب تطبيق المعرفة وتطوير ‏المهارات البحثية .‏\nلكن تبرز العديد من التحديات التي تستدعي نظاما لإدارة هذه المشاريع بكفاءة .‏\nأحد التحديا...', 'النطاق\nمن خلال البحث حول آلية إدارة جامعة الشام الخاصة لمشاريع الطلاب الأكاديمية، يتبين أن ‏الجامعة لا تملك نظاماً إلكترونياً لإدارة المشاريع، وتعتمد بدلاً من ذلك على وسائل التواصل مثل ‏واتساب وتلغرام...', 'mindmaps/QMxk2mpqMfi6jzUSDsUr280RmxF1cxaDBHpWnec1.png', 'نظام إدارة المشاريع الأكاديمية بجامعة الشام الخاصة، يهدف إلى توفير أدوات متكاملة تساعد ‏الطلاب والمشرفين في متابعة المراحل الزمنية، والتحليل، وتوزيع المهام، وعرض المشاريع ‏المتميزة. يشمل النظام مكتبة...', 'Agile', '{\"Platform\": [\"Web\"], \"Databases\": [\"MySQL\"], \"Languages\": [\"PHP\"]}', NULL, NULL, '2025-04-11 14:54:10', '2025-04-11 14:54:10'),
(7, 2, 'مشروع نظام إدارة المقترحات', 'تمثل المشاريع الأكاديمية جزءا مهما من التعليم العالي , حيث تتيح للطلاب تطبيق المعرفة وتطوير ‏المهارات البحثية .‏\nلكن تبرز العديد من التحديات التي تستدعي نظاما لإدارة هذه المشاريع بكفاءة .‏\nأحد التحديا...', 'النطاق\nمن خلال البحث حول آلية إدارة جامعة الشام الخاصة لمشاريع الطلاب الأكاديمية، يتبين أن ‏الجامعة لا تملك نظاماً إلكترونياً لإدارة المشاريع، وتعتمد بدلاً من ذلك على وسائل التواصل مثل ‏واتساب وتلغرام...', 'mindmaps/KYE9JHOCMJ50CUF6IBx2Pb4DNj1kGa9mQnLoe5DH.png', 'نظام إدارة المشاريع الأكاديمية بجامعة الشام الخاصة، يهدف إلى توفير أدوات متكاملة تساعد ‏الطلاب والمشرفين في متابعة المراحل الزمنية، والتحليل، وتوزيع المهام، وعرض المشاريع ‏المتميزة. يشمل النظام مكتبة...', 'Agile', '{\"Platform\": [\"Web\"], \"Databases\": [\"MySQL\"], \"Languages\": [\"PHP\"]}', NULL, NULL, '2025-04-11 15:02:13', '2025-04-11 15:02:13'),
(8, 2, 'مشروع نظام إدارة المقترحات', 'تمثل المشاريع الأكاديمية جزءا مهما من التعليم العالي , حيث تتيح للطلاب تطبيق المعرفة وتطوير المهارات البحثية .\nلكن تبرز العديد من التحديات التي تستدعي نظاما لإدارة هذه المشاريع بكفاءة .\nأحد التحديات ه...', 'النطاق\nمن خلال البحث حول آلية إدارة جامعة الشام الخاصة لمشاريع الطلاب الأكاديمية، يتبين أن الجامعة لا تملك نظاماً إلكترونياً لإدارة المشاريع، وتعتمد بدلاً من ذلك على وسائل التواصل مثل واتساب وتلغرام،...', 'mindmaps/btgNX9pPZbcyZAdzg0yW1E26jLVzRLJUPkMkYG9j.png', 'نظام إدارة المشاريع الأكاديمية بجامعة الشام الخاصة، يهدف إلى توفير أدوات متكاملة تساعد الطلاب والمشرفين في متابعة المراحل الزمنية، والتحليل، وتوزيع المهام، وعرض المشاريع المتميزة. يشمل النظام مكتبة مو...', 'Agile', '{\"Platform\": [\"Web\"], \"Databases\": [\"MySQL\"], \"Languages\": [\"PHP\"]}', NULL, NULL, '2025-04-14 06:13:28', '2025-04-14 06:13:28'),
(9, 2, 'مشروع نظام إدارة المقترحات', 'تمثل المشاريع الأكاديمية جزءا مهما من التعليم العالي , حيث تتيح للطلاب تطبيق المعرفة وتطوير المهارات البحثية .\nلكن تبرز العديد من التحديات التي تستدعي نظاما لإدارة هذه المشاريع بكفاءة .\nأحد التحديات ه...', 'النطاق\nمن خلال البحث حول آلية إدارة جامعة الشام الخاصة لمشاريع الطلاب الأكاديمية، يتبين أن الجامعة لا تملك نظاماً إلكترونياً لإدارة المشاريع، وتعتمد بدلاً من ذلك على وسائل التواصل مثل واتساب وتلغرام،...', 'mindmaps/3klljgUsIADBuJ1bA0BeoamamiKdadXmvA6n9mUQ.png', 'نظام إدارة المشاريع الأكاديمية بجامعة الشام الخاصة، يهدف إلى توفير أدوات متكاملة تساعد الطلاب والمشرفين في متابعة المراحل الزمنية، والتحليل، وتوزيع المهام، وعرض المشاريع المتميزة. يشمل النظام مكتبة مو...', 'Agile', '{\"Platform\": [\"Web\"], \"Databases\": [\"MySQL\"], \"Languages\": [\"PHP\"]}', '. إنشاء حساب\n2. تسجيل دخول\n3. إتاحة للمستخدم بتعديل معلومات حسابه الشخصية\n4. تخصيص صلاحيات لكل نوع حساب\n5. تقسيم المشروع لمراحل متعددة\n6. تحديد مواعيد نهائية لكل مرحلة من المشرف\n7. تقييم كل مرحلة من ا...', '١. الأمن والحماية \n٢.واجهات سهلة الاستخدام', '2025-04-14 08:26:57', '2025-04-14 08:26:57'),
(10, 2, 'مشروع نظام إدارة المقترحات', 'تمثل المشاريع الأكاديمية جزءا مهما من التعليم العالي , حيث تتيح للطلاب تطبيق المعرفة وتطوير ‏المهارات البحثية .‏\nلكن تبرز العديد من التحديات التي تستدعي نظاما لإدارة هذه المشاريع بكفاءة .‏\nأحد التحديات هو متابعة تقدم المشروع وتقييم الأداء في كل مرحلة , مما يجعل مراقبة التزام الفرق ‏بالخطة الزمنية أمرا  صعبا .‏\nكذلك يؤدي غياب منصة موحدة للتواصل إلى صعوبات في تنظيم المناقشات وتوززيع المهام بين ‏أعضاء الفريق والمشرفين .‏\nيضاف إلى ذلك نقص الموارد التعليمية المتاحة , مما يعوق وصول الطلاب إلى الأدوات والمراجع ‏اللازمة.‏\nكما توجد حاجة إلى نظام لتقييم الأعضاء سريا , وآلية  إدارية للموافقات الإلكترونية , مع إرشاد من ‏الأكاديميين وذوي الخبرة و الطلاب السابقين لتوجيه الطلاب الجدد.‏\nكما أن غياب أداة توصية يمكن أن يُعيق الفرق في اختيار الأعضاء الملائمين، حيث يمكن لنظام ‏التوصية دعم الطلاب باقتراح زملاء لديهم المهارات المناسبة للانضمام إلى مشاريعهم.‏', 'النطاق\nمن خلال البحث حول آلية إدارة جامعة الشام الخاصة لمشاريع الطلاب الأكاديمية، يتبين أن ‏الجامعة لا تملك نظاماً إلكترونياً لإدارة المشاريع، وتعتمد بدلاً من ذلك على وسائل التواصل مثل ‏واتساب وتلغرام، إلى جانب المقابلات الواقعية، لمتابعة الطلاب وإدارة مشاريعهم. هذه الطرق تفتقر ‏إلى الكثير من الخصائص التي تتيح الإدارة الفعالة والمنهجية للمشاريع، وهو ما يسبب العديد من ‏المشكلات، منها:‏\n\n‏-‏	صعوبة تنظيم المراحل الزمنية للمشاريع: تعاني الجامعة من عدم وجود تقسيم منظم ‏لمراحل المشاريع مع مواعيد نهائية واضحة، مما يجعل المتابعة والتقييم الدوري أصعب. ‏كما أن غياب التنبيهات الرقمية يؤدي إلى التأخر في تسليم المراحل بسبب الاعتماد على ‏التواصل الفردي والواقعي، وهذا يؤثر على تقدم المشاريع.‏\n‏-‏	غياب أدوات المتابعة والتحليل: باستخدام وسائل التواصل التقليدية، يصبح من الصعب ‏تتبع إحصائيات المشاريع ونسبة الإنجاز وعدد المشاريع المكتملة. كما لا توجد واجهة ‏لمواعيد المناقشات أو نظام لتقديم تقارير رضا الطلاب والمشرفين، مما يؤثر على تقييم ‏العملية التعليمية بصورة شاملة.‏\n\n‏-‏	التحديات في إدارة فرق العمل وتوزيع المهام: يواجه قائد الفريق صعوبة في توزيع المهام ‏وجدولة الاجتماعات بشكل منظم مع المشرفين. ‏\n\n‏-‏	غياب مكتبة موارد منظمة: الطلاب يحتاجون لمكتبة تتضمن مراجع وأدوات علمية تدعم ‏مشاريعهم، مع ميزة البحث السريع عن المعلومات. كما يفتقرون إلى مرونة الوصول لموارد ‏معرفية منسقة، حيث أن الاعتماد على التواصل التقليدي لا يوفر تلك الإمكانية.‏\n\n\n‏-‏	ضعف الخصوصية والتنظيم في الوصول إلى المشاريع: تعاني الفرق من عدم وجود إعدادات ‏خصوصية كافية أو مرونة للوصول إلى مشاريعهم بطريقة متقدمة، وهذا يؤثر على سرية ‏وخصوصية المشاريع. ‏\n\n‏-‏	عدم وجود دعم وإرشاد من الأكاديميين وذوي الخبرة والطلاب السابقين: يفتقر النظام ‏التقليدي إلى وسيلة لربط الطلاب الحاليين بالأكاديميين والطلاب السابقين للاستفادة من ‏خبراتهم، مما يُحرم الطلاب من تبادل الخبرات وتعزيز بيئة أكاديمية مساندة.‏\n\n‏-‏	التحديات التي يواجهها الطلاب عند تشكيل فرق عمل مناسبة. يفتقر الطلاب عادة إلى ‏المعرفة الكافية بمستويات المهارات المختلفة لزملائهم وقدراتهم في مجالات محددة، مما قد ‏يؤدي إلى تشكيل فرق غير متجانسة أو تفتقر للتكامل في الخبرات‎.‎\n\n\nإن تطوير نظام إلكتروني لإدارة المشاريع الأكاديمية سيساعد في تحسين إدارة المشاريع ويحل ‏المشكلات الحالية، ويوفر للطلاب والمشرفين بيئة تفاعلية ومنظمة ترفع من كفاءة العمل الأكاديمي.‏', 'mindmaps/hda7xEwA36SL32WIMDSJqBEUErXVZhfjK9uXF0mT.png', 'نظام إدارة المشاريع الأكاديمية بجامعة الشام الخاصة، يهدف إلى توفير أدوات متكاملة تساعد ‏الطلاب والمشرفين في متابعة المراحل الزمنية، والتحليل، وتوزيع المهام، وعرض المشاريع ‏المتميزة. يشمل النظام مكتبة موارد تدعم تنفيذ المشاريع وتخصيص إعدادات خصوصية لكل ‏فريق، مما يعزز من سرية المشاريع. كما يتيح التواصل بين الطلاب الجدد والطلاب السابقين لتبادل ‏الخبرات، متجاوزاً الاعتماد على التواصل غير الرسمي ويقدم تجربة أكاديمية منظمة وفعالة‎. ‎‏ كما ‏يشمل النظام المقترح نظام توصية لمساعدة الطلاب في اختيار فرقهم حيث يقدم اقتراحات لأعضاء ‏الفريق بناءً على المهارات والتخصصات واهتمامات المشروع، مما يسهم في تشكيل فرق متوازنة ‏وفعّالة ويعزز من فرص نجاح المشاريع الأكاديمية', 'Agile', '{\"Platform\": [\"Web\"], \"Databases\": [\"MySQL\"], \"Languages\": [\"PHP\"]}', '‏. إنشاء حساب‏\n‏2. تسجيل دخول‏\n‏3. إتاحة للمستخدم بتعديل معلومات حسابه الشخصية‏\n‏4. تخصيص صلاحيات لكل نوع حساب‏\n‏5. تقسيم المشروع لمراحل متعددة‏\n‏6. تحديد مواعيد نهائية لكل مرحلة من المشرف‏\n‏7. تقييم كل مرحلة من المشرف مع إمكانية إضافة ملاحظات للطلاب‏\n‏8. لوحة تحكم تحوي إحصائيات ورسومات بيانية توضح عدد المشاريع والمشاريع المكتملة ونسبة ‏الإنجاز\n‏9. إشعارات تنبيهية‏\n‏10. واجهة لمواعيد المناقشات المرحلية والنهائية‏\n‏11. تقارير عن رضا الطلاب والمشرفين‏\n‏12. اتاحة لقائد الفريق ميزة توزيع المهام‏\n‏13. نظام رسائل\n‏14. إتاحة لقائد الفريق جدولة الاجتماعات مع المشرفين‏\n‏15. لوحة شرف‏\n‏16. واجهة لعرض المشاريع المميزة‏\n‏17. تقييم الطلاب لبعضهم بطريقة سرية ومعايير محددة‏\n‏18. إدارة عمليات موافقة إلكترونية على الانتقال بين مراحل المشروع‏\n‏19. نظام توصية لمساعدة الطلاب في العثور على أعضاء فرق مناسبين\n‏20. مكتبة تحتوي على أدوات ومراجع ومقالات مع ميزة بحث\n‏21. تمكين منسق المشاريع من إدارة المكتبة‏\n‏22. إعدادات خصوصية ومرونة في الوصول لمشروع كل فريق‏\n‏23. السماح للطلاب السابقين بإرشاد الطلاب الحاليين‏\n‏24. مساحة للبحث عن شركاء مشاريع‏', '‏١. الأمن والحماية ‏\n‏٢.واجهات سهلة الاستخدام', '2025-04-14 08:58:08', '2025-04-14 08:58:08'),
(11, 2, 'مشروع نظام إدارة المقترحات', 'تمثل المشاريع الأكاديمية جزءا مهما من التعليم العالي , حيث تتيح للطلاب تطبيق المعرفة وتطوير ‏المهارات البحثية .‏\nلكن تبرز العديد من التحديات التي تستدعي نظاما لإدارة هذه المشاريع بكفاءة .‏\nأحد التحديات هو متابعة تقدم المشروع وتقييم الأداء في كل مرحلة , مما يجعل مراقبة التزام الفرق ‏بالخطة الزمنية أمرا  صعبا .‏\nكذلك يؤدي غياب منصة موحدة للتواصل إلى صعوبات في تنظيم المناقشات وتوززيع المهام بين ‏أعضاء الفريق والمشرفين .‏\nيضاف إلى ذلك نقص الموارد التعليمية المتاحة , مما يعوق وصول الطلاب إلى الأدوات والمراجع ‏اللازمة.‏\nكما توجد حاجة إلى نظام لتقييم الأعضاء سريا , وآلية  إدارية للموافقات الإلكترونية , مع إرشاد من ‏الأكاديميين وذوي الخبرة و الطلاب السابقين لتوجيه الطلاب الجدد.‏\nكما أن غياب أداة توصية يمكن أن يُعيق الفرق في اختيار الأعضاء الملائمين، حيث يمكن لنظام ‏التوصية دعم الطلاب باقتراح زملاء لديهم المهارات المناسبة للانضمام إلى مشاريعهم.‏', 'النطاق\nمن خلال البحث حول آلية إدارة جامعة الشام الخاصة لمشاريع الطلاب الأكاديمية، يتبين أن ‏الجامعة لا تملك نظاماً إلكترونياً لإدارة المشاريع، وتعتمد بدلاً من ذلك على وسائل التواصل مثل ‏واتساب وتلغرام، إلى جانب المقابلات الواقعية، لمتابعة الطلاب وإدارة مشاريعهم. هذه الطرق تفتقر ‏إلى الكثير من الخصائص التي تتيح الإدارة الفعالة والمنهجية للمشاريع، وهو ما يسبب العديد من ‏المشكلات، منها:‏\n\n‏-‏	صعوبة تنظيم المراحل الزمنية للمشاريع: تعاني الجامعة من عدم وجود تقسيم منظم ‏لمراحل المشاريع مع مواعيد نهائية واضحة، مما يجعل المتابعة والتقييم الدوري أصعب. ‏كما أن غياب التنبيهات الرقمية يؤدي إلى التأخر في تسليم المراحل بسبب الاعتماد على ‏التواصل الفردي والواقعي، وهذا يؤثر على تقدم المشاريع.‏\n‏-‏	غياب أدوات المتابعة والتحليل: باستخدام وسائل التواصل التقليدية، يصبح من الصعب ‏تتبع إحصائيات المشاريع ونسبة الإنجاز وعدد المشاريع المكتملة. كما لا توجد واجهة ‏لمواعيد المناقشات أو نظام لتقديم تقارير رضا الطلاب والمشرفين، مما يؤثر على تقييم ‏العملية التعليمية بصورة شاملة.‏\n\n‏-‏	التحديات في إدارة فرق العمل وتوزيع المهام: يواجه قائد الفريق صعوبة في توزيع المهام ‏وجدولة الاجتماعات بشكل منظم مع المشرفين. ‏\n\n‏-‏	غياب مكتبة موارد منظمة: الطلاب يحتاجون لمكتبة تتضمن مراجع وأدوات علمية تدعم ‏مشاريعهم، مع ميزة البحث السريع عن المعلومات. كما يفتقرون إلى مرونة الوصول لموارد ‏معرفية منسقة، حيث أن الاعتماد على التواصل التقليدي لا يوفر تلك الإمكانية.‏\n\n\n‏-‏	ضعف الخصوصية والتنظيم في الوصول إلى المشاريع: تعاني الفرق من عدم وجود إعدادات ‏خصوصية كافية أو مرونة للوصول إلى مشاريعهم بطريقة متقدمة، وهذا يؤثر على سرية ‏وخصوصية المشاريع. ‏\n\n‏-‏	عدم وجود دعم وإرشاد من الأكاديميين وذوي الخبرة والطلاب السابقين: يفتقر النظام ‏التقليدي إلى وسيلة لربط الطلاب الحاليين بالأكاديميين والطلاب السابقين للاستفادة من ‏خبراتهم، مما يُحرم الطلاب من تبادل الخبرات وتعزيز بيئة أكاديمية مساندة.‏\n\n‏-‏	التحديات التي يواجهها الطلاب عند تشكيل فرق عمل مناسبة. يفتقر الطلاب عادة إلى ‏المعرفة الكافية بمستويات المهارات المختلفة لزملائهم وقدراتهم في مجالات محددة، مما قد ‏يؤدي إلى تشكيل فرق غير متجانسة أو تفتقر للتكامل في الخبرات‎.‎\n\n\nإن تطوير نظام إلكتروني لإدارة المشاريع الأكاديمية سيساعد في تحسين إدارة المشاريع ويحل ‏المشكلات الحالية، ويوفر للطلاب والمشرفين بيئة تفاعلية ومنظمة ترفع من كفاءة العمل الأكاديمي.‏', 'mindmaps/cBmzSpBSAjHnodcIMOvzomG6QYdDqNirt3CPWzhl.png', 'نظام إدارة المشاريع الأكاديمية بجامعة الشام الخاصة، يهدف إلى توفير أدوات متكاملة تساعد ‏الطلاب والمشرفين في متابعة المراحل الزمنية، والتحليل، وتوزيع المهام، وعرض المشاريع ‏المتميزة. يشمل النظام مكتبة موارد تدعم تنفيذ المشاريع وتخصيص إعدادات خصوصية لكل ‏فريق، مما يعزز من سرية المشاريع. كما يتيح التواصل بين الطلاب الجدد والطلاب السابقين لتبادل ‏الخبرات، متجاوزاً الاعتماد على التواصل غير الرسمي ويقدم تجربة أكاديمية منظمة وفعالة‎. ‎‏ كما ‏يشمل النظام المقترح نظام توصية لمساعدة الطلاب في اختيار فرقهم حيث يقدم اقتراحات لأعضاء ‏الفريق بناءً على المهارات والتخصصات واهتمامات المشروع، مما يسهم في تشكيل فرق متوازنة ‏وفعّالة ويعزز من فرص نجاح المشاريع الأكاديمية', 'Agile', '{\"Platform\": [\"Web\"], \"Databases\": [\"MySQL\"], \"Languages\": [\"PHP\"]}', '‏. إنشاء حساب‏\n‏2. تسجيل دخول‏\n‏3. إتاحة للمستخدم بتعديل معلومات حسابه الشخصية‏\n‏4. تخصيص صلاحيات لكل نوع حساب‏\n‏5. تقسيم المشروع لمراحل متعددة‏\n‏6. تحديد مواعيد نهائية لكل مرحلة من المشرف‏\n‏7. تقييم كل مرحلة من المشرف مع إمكانية إضافة ملاحظات للطلاب‏\n‏8. لوحة تحكم تحوي إحصائيات ورسومات بيانية توضح عدد المشاريع والمشاريع المكتملة ونسبة ‏الإنجاز\n‏9. إشعارات تنبيهية‏\n‏10. واجهة لمواعيد المناقشات المرحلية والنهائية‏\n‏11. تقارير عن رضا الطلاب والمشرفين‏\n‏12. اتاحة لقائد الفريق ميزة توزيع المهام‏\n‏13. نظام رسائل\n‏14. إتاحة لقائد الفريق جدولة الاجتماعات مع المشرفين‏\n‏15. لوحة شرف‏\n‏16. واجهة لعرض المشاريع المميزة‏\n‏17. تقييم الطلاب لبعضهم بطريقة سرية ومعايير محددة‏\n‏18. إدارة عمليات موافقة إلكترونية على الانتقال بين مراحل المشروع‏\n‏19. نظام توصية لمساعدة الطلاب في العثور على أعضاء فرق مناسبين\n‏20. مكتبة تحتوي على أدوات ومراجع ومقالات مع ميزة بحث\n‏21. تمكين منسق المشاريع من إدارة المكتبة‏\n‏22. إعدادات خصوصية ومرونة في الوصول لمشروع كل فريق‏\n‏23. السماح للطلاب السابقين بإرشاد الطلاب الحاليين‏\n‏24. مساحة للبحث عن شركاء مشاريع‏', '‏١. الأمن والحماية ‏\n‏٢.واجهات سهلة الاستخدام', '2025-04-14 09:06:49', '2025-04-14 09:06:49'),
(12, 2, 'مشروع نظام إدارة المقترحات', 'تمثل المشاريع الأكاديمية جزءا مهما من التعليم العالي , حيث تتيح للطلاب تطبيق المعرفة وتطوير ‏المهارات البحثية .‏\nلكن تبرز العديد من التحديات التي تستدعي نظاما لإدارة هذه المشاريع بكفاءة .‏\nأحد التحديات هو متابعة تقدم المشروع وتقييم الأداء في كل مرحلة , مما يجعل مراقبة التزام الفرق ‏بالخطة الزمنية أمرا  صعبا .‏\nكذلك يؤدي غياب منصة موحدة للتواصل إلى صعوبات في تنظيم المناقشات وتوززيع المهام بين ‏أعضاء الفريق والمشرفين .‏\nيضاف إلى ذلك نقص الموارد التعليمية المتاحة , مما يعوق وصول الطلاب إلى الأدوات والمراجع ‏اللازمة.‏\nكما توجد حاجة إلى نظام لتقييم الأعضاء سريا , وآلية  إدارية للموافقات الإلكترونية , مع إرشاد من ‏الأكاديميين وذوي الخبرة و الطلاب السابقين لتوجيه الطلاب الجدد.‏\nكما أن غياب أداة توصية يمكن أن يُعيق الفرق في اختيار الأعضاء الملائمين، حيث يمكن لنظام ‏التوصية دعم الطلاب باقتراح زملاء لديهم المهارات المناسبة للانضمام إلى مشاريعهم.‏', 'النطاق\nمن خلال البحث حول آلية إدارة جامعة الشام الخاصة لمشاريع الطلاب الأكاديمية، يتبين أن ‏الجامعة لا تملك نظاماً إلكترونياً لإدارة المشاريع، وتعتمد بدلاً من ذلك على وسائل التواصل مثل ‏واتساب وتلغرام، إلى جانب المقابلات الواقعية، لمتابعة الطلاب وإدارة مشاريعهم. هذه الطرق تفتقر ‏إلى الكثير من الخصائص التي تتيح الإدارة الفعالة والمنهجية للمشاريع، وهو ما يسبب العديد من ‏المشكلات، منها:‏\n\n‏-‏	صعوبة تنظيم المراحل الزمنية للمشاريع: تعاني الجامعة من عدم وجود تقسيم منظم ‏لمراحل المشاريع مع مواعيد نهائية واضحة، مما يجعل المتابعة والتقييم الدوري أصعب. ‏كما أن غياب التنبيهات الرقمية يؤدي إلى التأخر في تسليم المراحل بسبب الاعتماد على ‏التواصل الفردي والواقعي، وهذا يؤثر على تقدم المشاريع.‏\n‏-‏	غياب أدوات المتابعة والتحليل: باستخدام وسائل التواصل التقليدية، يصبح من الصعب ‏تتبع إحصائيات المشاريع ونسبة الإنجاز وعدد المشاريع المكتملة. كما لا توجد واجهة ‏لمواعيد المناقشات أو نظام لتقديم تقارير رضا الطلاب والمشرفين، مما يؤثر على تقييم ‏العملية التعليمية بصورة شاملة.‏\n\n‏-‏	التحديات في إدارة فرق العمل وتوزيع المهام: يواجه قائد الفريق صعوبة في توزيع المهام ‏وجدولة الاجتماعات بشكل منظم مع المشرفين. ‏\n\n‏-‏	غياب مكتبة موارد منظمة: الطلاب يحتاجون لمكتبة تتضمن مراجع وأدوات علمية تدعم ‏مشاريعهم، مع ميزة البحث السريع عن المعلومات. كما يفتقرون إلى مرونة الوصول لموارد ‏معرفية منسقة، حيث أن الاعتماد على التواصل التقليدي لا يوفر تلك الإمكانية.‏\n\n\n‏-‏	ضعف الخصوصية والتنظيم في الوصول إلى المشاريع: تعاني الفرق من عدم وجود إعدادات ‏خصوصية كافية أو مرونة للوصول إلى مشاريعهم بطريقة متقدمة، وهذا يؤثر على سرية ‏وخصوصية المشاريع. ‏\n\n‏-‏	عدم وجود دعم وإرشاد من الأكاديميين وذوي الخبرة والطلاب السابقين: يفتقر النظام ‏التقليدي إلى وسيلة لربط الطلاب الحاليين بالأكاديميين والطلاب السابقين للاستفادة من ‏خبراتهم، مما يُحرم الطلاب من تبادل الخبرات وتعزيز بيئة أكاديمية مساندة.‏\n\n‏-‏	التحديات التي يواجهها الطلاب عند تشكيل فرق عمل مناسبة. يفتقر الطلاب عادة إلى ‏المعرفة الكافية بمستويات المهارات المختلفة لزملائهم وقدراتهم في مجالات محددة، مما قد ‏يؤدي إلى تشكيل فرق غير متجانسة أو تفتقر للتكامل في الخبرات‎.‎\n\n\nإن تطوير نظام إلكتروني لإدارة المشاريع الأكاديمية سيساعد في تحسين إدارة المشاريع ويحل ‏المشكلات الحالية، ويوفر للطلاب والمشرفين بيئة تفاعلية ومنظمة ترفع من كفاءة العمل الأكاديمي.‏', 'mindmaps/hos4kETXq1OQ3ovxHHEBN6csKvmNWYwRS5STkgCm.png', 'نظام إدارة المشاريع الأكاديمية بجامعة الشام الخاصة، يهدف إلى توفير أدوات متكاملة تساعد ‏الطلاب والمشرفين في متابعة المراحل الزمنية، والتحليل، وتوزيع المهام، وعرض المشاريع ‏المتميزة. يشمل النظام مكتبة موارد تدعم تنفيذ المشاريع وتخصيص إعدادات خصوصية لكل ‏فريق، مما يعزز من سرية المشاريع. كما يتيح التواصل بين الطلاب الجدد والطلاب السابقين لتبادل ‏الخبرات، متجاوزاً الاعتماد على التواصل غير الرسمي ويقدم تجربة أكاديمية منظمة وفعالة‎. ‎‏ كما ‏يشمل النظام المقترح نظام توصية لمساعدة الطلاب في اختيار فرقهم حيث يقدم اقتراحات لأعضاء ‏الفريق بناءً على المهارات والتخصصات واهتمامات المشروع، مما يسهم في تشكيل فرق متوازنة ‏وفعّالة ويعزز من فرص نجاح المشاريع الأكاديمية', 'Agile', '{\"Platform\": [\"Web\"], \"Databases\": [\"MySQL\"], \"Languages\": [\"PHP\"]}', '‏. إنشاء حساب‏\n‏2. تسجيل دخول‏\n‏3. إتاحة للمستخدم بتعديل معلومات حسابه الشخصية‏\n‏4. تخصيص صلاحيات لكل نوع حساب‏\n‏5. تقسيم المشروع لمراحل متعددة‏\n‏6. تحديد مواعيد نهائية لكل مرحلة من المشرف‏\n‏7. تقييم كل مرحلة من المشرف مع إمكانية إضافة ملاحظات للطلاب‏\n‏8. لوحة تحكم تحوي إحصائيات ورسومات بيانية توضح عدد المشاريع والمشاريع المكتملة ونسبة ‏الإنجاز\n‏9. إشعارات تنبيهية‏\n‏10. واجهة لمواعيد المناقشات المرحلية والنهائية‏\n‏11. تقارير عن رضا الطلاب والمشرفين‏\n‏12. اتاحة لقائد الفريق ميزة توزيع المهام‏\n‏13. نظام رسائل\n‏14. إتاحة لقائد الفريق جدولة الاجتماعات مع المشرفين‏\n‏15. لوحة شرف‏\n‏16. واجهة لعرض المشاريع المميزة‏\n‏17. تقييم الطلاب لبعضهم بطريقة سرية ومعايير محددة‏\n‏18. إدارة عمليات موافقة إلكترونية على الانتقال بين مراحل المشروع‏\n‏19. نظام توصية لمساعدة الطلاب في العثور على أعضاء فرق مناسبين\n‏20. مكتبة تحتوي على أدوات ومراجع ومقالات مع ميزة بحث\n‏21. تمكين منسق المشاريع من إدارة المكتبة‏\n‏22. إعدادات خصوصية ومرونة في الوصول لمشروع كل فريق‏\n‏23. السماح للطلاب السابقين بإرشاد الطلاب الحاليين‏\n‏24. مساحة للبحث عن شركاء مشاريع‏', '‏١. الأمن والحماية ‏\n‏٢.واجهات سهلة الاستخدام', '2025-04-14 09:07:24', '2025-04-14 09:07:24'),
(13, 2, 'مشروع نظام إدارة المقترحات', 'تمثل المشاريع الأكاديمية جزءا مهما من التعليم العالي , حيث تتيح للطلاب تطبيق المعرفة وتطوير المهارات البحثية .\nلكن تبرز العديد من التحديات التي تستدعي نظاما لإدارة هذه المشاريع بكفاءة .\nأحد التحديات ه...', 'النطاق\nمن خلال البحث حول آلية إدارة جامعة الشام الخاصة لمشاريع الطلاب الأكاديمية، يتبين أن الجامعة لا تملك نظاماً إلكترونياً لإدارة المشاريع، وتعتمد بدلاً من ذلك على وسائل التواصل مثل واتساب وتلغرام،...', 'mindmaps/n0Zto0STtxrCM9N8jaXiR2Io763Y9rDy7w4NJh8w.png', 'نظام إدارة المشاريع الأكاديمية بجامعة الشام الخاصة، يهدف إلى توفير أدوات متكاملة تساعد الطلاب والمشرفين في متابعة المراحل الزمنية، والتحليل، وتوزيع المهام، وعرض المشاريع المتميزة. يشمل النظام مكتبة مو...', 'Agile', '{\"Platform\": [\"Web\"], \"Databases\": [\"MySQL\"], \"Languages\": [\"PHP\"]}', '. إنشاء حساب\n2. تسجيل دخول\n3. إتاحة للمستخدم بتعديل معلومات حسابه الشخصية\n4. تخصيص صلاحيات لكل نوع حساب\n5. تقسيم المشروع لمراحل متعددة\n6. تحديد مواعيد نهائية لكل مرحلة من المشرف\n7. تقييم كل مرحلة من ا...', '١. الأمن والحماية \n٢.واجهات سهلة الاستخدام', '2025-04-14 09:52:58', '2025-04-14 09:52:58'),
(14, 2, 'مشروع نظام إدارة المقترحات', 'تمثل المشاريع الأكاديمية جزءا مهما من التعليم العالي , حيث تتيح للطلاب تطبيق المعرفة وتطوير ‏المهارات البحثية .‏\nلكن تبرز العديد من التحديات التي تستدعي نظاما لإدارة هذه المشاريع بكفاءة .‏\nأحد التحديا...', 'النطاق\nمن خلال البحث حول آلية إدارة جامعة الشام الخاصة لمشاريع الطلاب الأكاديمية، يتبين أن ‏الجامعة لا تملك نظاماً إلكترونياً لإدارة المشاريع، وتعتمد بدلاً من ذلك على وسائل التواصل مثل ‏واتساب وتلغرام...', 'mindmaps/zhtpJtGO3QyckgFEikcYN8W2UwfrmwDEWTYU1tvE.png', 'نظام إدارة المشاريع الأكاديمية بجامعة الشام الخاصة، يهدف إلى توفير أدوات متكاملة تساعد ‏الطلاب والمشرفين في متابعة المراحل الزمنية، والتحليل، وتوزيع المهام، وعرض المشاريع ‏المتميزة. يشمل النظام مكتبة...', 'Agile', '{\"Platform\": [\"Web\"], \"Databases\": [\"MySQL\"], \"Languages\": [\"PHP\"]}', '‏. إنشاء حساب‏\n‏2. تسجيل دخول‏\n‏3. إتاحة للمستخدم بتعديل معلومات حسابه الشخصية‏\n‏4. تخصيص صلاحيات لكل نوع حساب‏\n‏5. تقسيم المشروع لمراحل متعددة‏\n‏6. تحديد مواعيد نهائية لكل مرحلة من المشرف‏\n‏7. تقييم...', '‏١. الأمن والحماية ‏\n‏٢.واجهات سهلة الاستخدام', '2025-04-14 10:53:26', '2025-04-14 10:53:26'),
(15, 2, 'مشروع نظام إدارة المقترحات', 'تمثل المشاريع الأكاديمية جزءا مهما من التعليم العالي , حيث تتيح للطلاب تطبيق المعرفة وتطوير ‏المهارات البحثية .‏\nلكن تبرز العديد من التحديات التي تستدعي نظاما لإدارة هذه المشاريع بكفاءة .‏\nأحد التحديا...', 'النطاق\nمن خلال البحث حول آلية إدارة جامعة الشام الخاصة لمشاريع الطلاب الأكاديمية، يتبين أن ‏الجامعة لا تملك نظاماً إلكترونياً لإدارة المشاريع، وتعتمد بدلاً من ذلك على وسائل التواصل مثل ‏واتساب وتلغرام...', 'mindmaps/eHrMMyVfKSqJUDuQxuMq00o9OCwKe9wiKlanxTJQ.png', 'نظام إدارة المشاريع الأكاديمية بجامعة الشام الخاصة، يهدف إلى توفير أدوات متكاملة تساعد ‏الطلاب والمشرفين في متابعة المراحل الزمنية، والتحليل، وتوزيع المهام، وعرض المشاريع ‏المتميزة. يشمل النظام مكتبة...', 'Agile', '{\"Platform\": [\"Web\"], \"Databases\": [\"MySQL\"], \"Languages\": [\"PHP\"]}', '‏. إنشاء حساب‏\n‏2. تسجيل دخول‏\n‏3. إتاحة للمستخدم بتعديل معلومات حسابه الشخصية‏\n‏4. تخصيص صلاحيات لكل نوع حساب‏\n‏5. تقسيم المشروع لمراحل متعددة‏\n‏6. تحديد مواعيد نهائية لكل مرحلة من المشرف‏\n‏7. تقييم...', '‏١. الأمن والحماية ‏\n‏٢.واجهات سهلة الاستخدام', '2025-04-15 02:50:20', '2025-04-15 02:50:20'),
(16, 2, 'مشروع نظام إدارة المقترحات', 'تمثل المشاريع الأكاديمية جزءا مهما من التعليم العالي , حيث تتيح للطلاب تطبيق المعرفة وتطوير ‏المهارات البحثية .‏\nلكن تبرز العديد من التحديات التي تستدعي نظاما لإدارة هذه المشاريع بكفاءة .‏\nأحد التحديا...', 'النطاق\nمن خلال البحث حول آلية إدارة جامعة الشام الخاصة لمشاريع الطلاب الأكاديمية، يتبين أن ‏الجامعة لا تملك نظاماً إلكترونياً لإدارة المشاريع، وتعتمد بدلاً من ذلك على وسائل التواصل مثل ‏واتساب وتلغرام...', 'mindmaps/vtt4yNZu3etn5idaoEb3eqMIK8yiAtB8yyEdhuVg.png', 'نظام إدارة المشاريع الأكاديمية بجامعة الشام الخاصة، يهدف إلى توفير أدوات متكاملة تساعد ‏الطلاب والمشرفين في متابعة المراحل الزمنية، والتحليل، وتوزيع المهام، وعرض المشاريع ‏المتميزة. يشمل النظام مكتبة...', 'Agile', '{\"Platform\": [\"Web\"], \"Databases\": [\"MySQL\"], \"Languages\": [\"PHP\"]}', '‏. إنشاء حساب‏\n‏2. تسجيل دخول‏\n‏3. إتاحة للمستخدم بتعديل معلومات حسابه الشخصية‏\n‏4. تخصيص صلاحيات لكل نوع حساب‏\n‏5. تقسيم المشروع لمراحل متعددة‏\n‏6. تحديد مواعيد نهائية لكل مرحلة من المشرف‏\n‏7. تقييم...', '‏١. الأمن والحماية ‏\n‏٢.واجهات سهلة الاستخدام', '2025-04-15 02:52:45', '2025-04-15 02:52:45'),
(17, 2, 'مشروع نظام إدارة المقترحات', 'تمثل المشاريع الأكاديمية جزءا مهما من التعليم العالي , حيث تتيح للطلاب تطبيق المعرفة وتطوير ‏المهارات البحثية .‏\nلكن تبرز العديد من التحديات التي تستدعي نظاما لإدارة هذه المشاريع بكفاءة .‏\nأحد التحديا...', 'النطاق\nمن خلال البحث حول آلية إدارة جامعة الشام الخاصة لمشاريع الطلاب الأكاديمية، يتبين أن ‏الجامعة لا تملك نظاماً إلكترونياً لإدارة المشاريع، وتعتمد بدلاً من ذلك على وسائل التواصل مثل ‏واتساب وتلغرام...', 'mindmaps/IUxAMZtTEc2tXUOlqapAq3CLjR179BO7evqKb75t.png', 'نظام إدارة المشاريع الأكاديمية بجامعة الشام الخاصة، يهدف إلى توفير أدوات متكاملة تساعد ‏الطلاب والمشرفين في متابعة المراحل الزمنية، والتحليل، وتوزيع المهام، وعرض المشاريع ‏المتميزة. يشمل النظام مكتبة...', 'Agile', '{\"Platform\": [\"Web\"], \"Databases\": [\"MySQL\"], \"Languages\": [\"PHP\"]}', '‏. إنشاء حساب‏\n‏2. تسجيل دخول‏\n‏3. إتاحة للمستخدم بتعديل معلومات حسابه الشخصية‏\n‏4. تخصيص صلاحيات لكل نوع حساب‏\n‏5. تقسيم المشروع لمراحل متعددة‏\n‏6. تحديد مواعيد نهائية لكل مرحلة من المشرف‏\n‏7. تقييم...', '‏١. الأمن والحماية ‏\n‏٢.واجهات سهلة الاستخدام', '2025-04-19 15:49:38', '2025-04-19 15:49:38'),
(18, 2, 'مشروع نظام إدارة المقترحات', 'تمثل المشاريع الأكاديمية جزءا مهما من التعليم العالي , حيث تتيح للطلاب تطبيق المعرفة وتطوير ‏المهارات البحثية .‏\nلكن تبرز العديد من التحديات التي تستدعي نظاما لإدارة هذه المشاريع بكفاءة .‏\nأحد التحديا...', 'النطاق\nمن خلال البحث حول آلية إدارة جامعة الشام الخاصة لمشاريع الطلاب الأكاديمية، يتبين أن ‏الجامعة لا تملك نظاماً إلكترونياً لإدارة المشاريع، وتعتمد بدلاً من ذلك على وسائل التواصل مثل ‏واتساب وتلغرام...', 'mindmaps/UioG4fy5oc2LOoYvs0j7R6BEdckRpSwTUeDVzZLF.png', 'نظام إدارة المشاريع الأكاديمية بجامعة الشام الخاصة، يهدف إلى توفير أدوات متكاملة تساعد ‏الطلاب والمشرفين في متابعة المراحل الزمنية، والتحليل، وتوزيع المهام، وعرض المشاريع ‏المتميزة. يشمل النظام مكتبة...', 'Agile', '{\"Platform\": [\"Web\"], \"Databases\": [\"MySQL\"], \"Languages\": [\"PHP\"]}', '‏. إنشاء حساب‏\n‏2. تسجيل دخول‏\n‏3. إتاحة للمستخدم بتعديل معلومات حسابه الشخصية‏\n‏4. تخصيص صلاحيات لكل نوع حساب‏\n‏5. تقسيم المشروع لمراحل متعددة‏\n‏6. تحديد مواعيد نهائية لكل مرحلة من المشرف‏\n‏7. تقييم...', '‏١. الأمن والحماية ‏\n‏٢.واجهات سهلة الاستخدام', '2025-04-19 16:09:08', '2025-04-19 16:09:08'),
(19, 2, 'مشروع نظام إدارة المقترحات', 'تمثل المشاريع الأكاديمية جزءا مهما من التعليم العالي , حيث تتيح للطلاب تطبيق المعرفة وتطوير ‏المهارات البحثية .‏\nلكن تبر...', 'النطاق\nمن خلال البحث حول آلية إدارة جامعة الشام الخاصة لمشاريع الطلاب الأكاديمية، يتبين أن ‏الجامعة لا تملك نظاماً إلكترونياً لإدارة المشاريع، وتعتمد بدلاً من ذلك على وسائل التواصل...', 'mindmaps/t9x429jvffnEIVFflJHHrFgPwu31uICHPxzGwROg.png', 'نظام إدارة المشاريع الأكاديمية بجامعة الشام الخاصة، يهدف إلى توفير أدوات متكاملة تساعد ‏الطلاب والمشرفين في متابعة المراحل الزمنية، والتحليل، وتوزيع ا...', 'Agile', '{\"Platform\": [\"Web\"], \"Databases\": [\"MySQL\"], \"Languages\": [\"PHP\"]}', '‏. إنشاء حساب‏\n‏2. تسجيل دخول‏\n‏3. إتاحة للمستخدم بتعديل معلومات حسابه الشخصية‏\n‏4. تخصيص صلاحيات لكل نوع حساب‏\n‏5. تقسيم المشروع لمراحل متعددة‏\n‏6. تحديد مواعيد نهائية لكل مرحلة من المشرف‏\n‏7. تقييم...', '‏١. الأمن والحماية ‏\n‏٢.واجهات سهلة الاستخدام', '2025-04-19 16:15:01', '2025-04-19 16:15:01'),
(20, 2, 'مشروع نظام إدارة المقترحات', 'تمثل المشاريع الأكاديمية جزءا مهما من التعليم العالي , حيث تتيح للطلاب تطبيق المعرفة وتطوير ‏المهارات البحثية .‏\nلكن تبر...', 'النطاق\nمن خلال البحث حول آلية إدارة جامعة الشام الخاصة لمشاريع الطلاب الأكاديمية، يتبين أن ‏الجامعة لا تملك نظاماً إلكترونياً لإدارة المشاريع، وتعتمد بدلاً من ذلك على وسائل التواصل...', 'mindmaps/zdApcQA9Sv2rLBOUrEDMYt8STgSagNAy3DNavNrH.png', 'نظام إدارة المشاريع الأكاديمية بجامعة الشام الخاصة، يهدف إلى توفير أدوات متكاملة تساعد ‏الطلاب والمشرفين في متابعة المراحل الزمنية، والتحليل، وتوزيع ا...', 'Agile', '{\"Platform\": [\"Web\"], \"Databases\": [\"MySQL\"], \"Languages\": [\"PHP\"]}', '‏. إنشاء حساب‏\n‏2. تسجيل دخول‏\n‏3. إتاحة للمستخدم بتعديل معلومات حسابه الشخصية‏\n‏4. تخصيص صلاحيات لكل نوع حساب‏\n‏5. تقسيم المشروع لمراحل متعددة‏\n‏6. تحديد مواعيد نهائية لكل مرحلة من المشرف‏\n‏7. تقييم...', '‏١. الأمن والحماية ‏\n‏٢.واجهات سهلة الاستخدام', '2025-04-19 16:44:11', '2025-04-19 16:44:11'),
(21, 2, 'مشروع نظام إدارة المقترحات', 'تمثل المشاريع الأكاديمية جزءا مهما من التعليم العالي , حيث تتيح للطلاب تطبيق المعرفة وتطوير ‏المهارات البحثية .‏\nلكن تبر...', 'النطاق\nمن خلال البحث حول آلية إدارة جامعة الشام الخاصة لمشاريع الطلاب الأكاديمية، يتبين أن ‏الجامعة لا تملك نظاماً إلكترونياً لإدارة المشاريع، وتعتمد بدلاً من ذلك على وسائل التواصل...', 'mindmaps/a41oBwgn97TKu7R8mY2nbqbXNBBNQJuAS7zGa9j6.png', 'نظام إدارة المشاريع الأكاديمية بجامعة الشام الخاصة، يهدف إلى توفير أدوات متكاملة تساعد ‏الطلاب والمشرفين في متابعة المراحل الزمنية، والتحليل، وتوزيع ا...', 'Agile', '{\"Platform\": [\"Web\"], \"Databases\": [\"MySQL\"], \"Languages\": [\"PHP\"]}', '‏. إنشاء حساب‏\n‏2. تسجيل دخول‏\n‏3. إتاحة للمستخدم بتعديل معلومات حسابه الشخصية‏\n‏4. تخصيص صلاحيات لكل نوع حساب‏\n‏5. تقسيم المشروع لمراحل متعددة‏\n‏6. تحديد مواعيد نهائية لكل مرحلة من المشرف‏\n‏7. تقييم...', '‏١. الأمن والحماية ‏\n‏٢.واجهات سهلة الاستخدام', '2025-04-19 16:49:04', '2025-04-19 16:49:04'),
(22, 2, 'مشروع نظام إدارة المقترحات', 'تمثل المشاريع الأكاديمية جزءا مهما من التعليم العالي , حيث تتيح للطلاب تطبيق المعرفة وتطوير ‏المهارات البحثية .‏\nلكن تبر...', 'النطاق\nمن خلال البحث حول آلية إدارة جامعة الشام الخاصة لمشاريع الطلاب الأكاديمية، يتبين أن ‏الجامعة لا تملك نظاماً إلكترونياً لإدارة المشاريع، وتعتمد بدلاً من ذلك على وسائل التواصل...', 'mindmaps/Ix3UoL7JkqF1PdiLL8WVHMpeKqhIYTMtVxerUFy2.png', 'نظام إدارة المشاريع الأكاديمية بجامعة الشام الخاصة، يهدف إلى توفير أدوات متكاملة تساعد ‏الطلاب والمشرفين في متابعة المراحل الزمنية، والتحليل، وتوزيع ا...', 'Agile', '{\"Platform\": [\"Web\"], \"Databases\": [\"MySQL\"], \"Languages\": [\"PHP\"]}', '‏. إنشاء حساب‏\n‏2. تسجيل دخول‏\n‏3. إتاحة للمستخدم بتعديل معلومات حسابه الشخصية‏\n‏4. تخصيص صلاحيات لكل نوع حساب‏\n‏5. تقسيم المشروع لمراحل متعددة‏\n‏6. تحديد مواعيد نهائية لكل مرحلة من المشرف‏\n‏7. تقييم...', '‏١. الأمن والحماية ‏\n‏٢.واجهات سهلة الاستخدام', '2025-04-19 16:54:38', '2025-04-19 16:54:38'),
(23, 2, 'مشروع نظام إدارة المقترحات', 'تمثل المشاريع الأكاديمية جزءا مهما من التعليم العالي , حيث تتيح للطلاب تطبيق المعرفة وتطوير ‏المهارات البحثية .‏\nلكن تبر...', 'النطاق\nمن خلال البحث حول آلية إدارة جامعة الشام الخاصة لمشاريع الطلاب الأكاديمية، يتبين أن ‏الجامعة لا تملك نظاماً إلكترونياً لإدارة المشاريع، وتعتمد بدلاً من ذلك على وسائل التواصل...', 'mindmaps/sSe6jFzzU6sy0sAjPBi9Osdf2HztbfFxqIeMUXco.png', 'نظام إدارة المشاريع الأكاديمية بجامعة الشام الخاصة، يهدف إلى توفير أدوات متكاملة تساعد ‏الطلاب والمشرفين في متابعة المراحل الزمنية، والتحليل، وتوزيع ا...', 'Agile', '{\"Platform\": [\"Web\"], \"Databases\": [\"MySQL\"], \"Languages\": [\"PHP\"]}', '‏. إنشاء حساب‏\n‏2. تسجيل دخول‏\n‏3. إتاحة للمستخدم بتعديل معلومات حسابه الشخصية‏\n‏4. تخصيص صلاحيات لكل نوع حساب‏\n‏5. تقسيم المشروع لمراحل متعددة‏\n‏6. تحديد مواعيد نهائية لكل مرحلة من المشرف‏\n‏7. تقييم...', '‏١. الأمن والحماية ‏\n‏٢.واجهات سهلة الاستخدام', '2025-04-19 16:57:33', '2025-04-19 16:57:33'),
(24, 2, 'مشروع نظام إدارة المقترحات', 'تمثل المشاريع الأكاديمية جزءا مهما من التعليم العالي , حيث تتيح للطلاب تطبيق المعرفة وتطوير ‏المهارات البحثية .‏\nلكن تبر...', 'النطاق\nمن خلال البحث حول آلية إدارة جامعة الشام الخاصة لمشاريع الطلاب الأكاديمية، يتبين أن ‏الجامعة لا تملك نظاماً إلكترونياً لإدارة المشاريع، وتعتمد بدلاً من ذلك على وسائل التواصل...', 'mindmaps/vBLmWuuJkVvWOfwC7AusYTOnpkWkaBdKs0ydAA5j.png', 'نظام إدارة المشاريع الأكاديمية بجامعة الشام الخاصة، يهدف إلى توفير أدوات متكاملة تساعد ‏الطلاب والمشرفين في متابعة المراحل الزمنية، والتحليل، وتوزيع ا...', 'Agile', '{\"Platform\": [\"Web\"], \"Databases\": [\"MySQL\"], \"Languages\": [\"PHP\"]}', '‏. إنشاء حساب‏\n‏2. تسجيل دخول‏\n‏3. إتاحة للمستخدم بتعديل معلومات حسابه الشخصية‏\n‏4. تخصيص صلاحيات لكل نوع حساب‏\n‏5. تقسيم المشروع لمراحل متعددة‏\n‏6. تحديد مواعيد نهائية لكل مرحلة من المشرف‏\n‏7. تقييم...', '‏١. الأمن والحماية ‏\n‏٢.واجهات سهلة الاستخدام', '2025-04-20 01:09:22', '2025-04-20 01:09:22'),
(25, 2, 'مشروع نظام إدارة المقترحات', 'تمثل المشاريع الأكاديمية جزءا مهما من التعليم العالي , حيث تتيح للطلاب تطبيق المعرفة وتطوير ‏المهارات البحثية .‏\nلكن تبر...', 'النطاق\nمن خلال البحث حول آلية إدارة جامعة الشام الخاصة لمشاريع الطلاب الأكاديمية، يتبين أن ‏الجامعة لا تملك نظاماً إلكترونياً لإدارة المشاريع، وتعتمد بدلاً من ذلك على وسائل التواصل...', 'mindmaps/Qa31b4UEcKxB13wk1PxOP7HFRngl8mw0UwOKzzii.png', 'نظام إدارة المشاريع الأكاديمية بجامعة الشام الخاصة، يهدف إلى توفير أدوات متكاملة تساعد ‏الطلاب والمشرفين في متابعة المراحل الزمنية، والتحليل، وتوزيع ا...', 'Agile', '{\"Platform\": [\"Web\"], \"Databases\": [\"MySQL\"], \"Languages\": [\"PHP\"]}', '‏. إنشاء حساب‏\n‏2. تسجيل دخول‏\n‏3. إتاحة للمستخدم بتعديل معلومات حسابه الشخصية‏\n‏4. تخصيص صلاحيات لكل نوع حساب‏\n‏5. تقسيم المشروع لمراحل متعددة‏\n‏6. تحديد مواعيد نهائية لكل مرحلة من المشرف‏\n‏7. تقييم...', '‏١. الأمن والحماية ‏\n‏٢.واجهات سهلة الاستخدام', '2025-04-20 02:28:59', '2025-04-20 02:28:59'),
(26, 2, 'مشروع نظام إدارة المقترحات', 'تمثل المشاريع الأكاديمية جزءا مهما من التعليم العالي , حيث تتيح للطلاب تطبيق المعرفة وتطوير ‏المهارات البحثية .‏\nلكن تبر...', 'النطاق\nمن خلال البحث حول آلية إدارة جامعة الشام الخاصة لمشاريع الطلاب الأكاديمية، يتبين أن ‏الجامعة لا تملك نظاماً إلكترونياً لإدارة المشاريع، وتعتمد بدلاً من ذلك على وسائل التواصل...', 'mindmaps/EXGEvmOfEmTlW1a2Ny8TQbeSqQ91ZtZhQdpvDP88.png', 'نظام إدارة المشاريع الأكاديمية بجامعة الشام الخاصة، يهدف إلى توفير أدوات متكاملة تساعد ‏الطلاب والمشرفين في متابعة المراحل الزمنية، والتحليل، وتوزيع ا...', 'Agile', '{\"Platform\": [\"Web\"], \"Databases\": [\"MySQL\"], \"Languages\": [\"PHP\"]}', '‏. إنشاء حساب‏\n‏2. تسجيل دخول‏\n‏3. إتاحة للمستخدم بتعديل معلومات حسابه الشخصية‏\n‏4. تخصيص صلاحيات لكل نوع حساب‏\n‏5. تقسيم المشروع لمراحل متعددة‏\n‏6. تحديد مواعيد نهائية لكل مرحلة من المشرف‏\n‏7. تقييم...', '‏١. الأمن والحماية ‏\n‏٢.واجهات سهلة الاستخدام', '2025-04-20 03:10:26', '2025-04-20 03:10:26'),
(27, 2, 'مشروع نظام إدارة المقترحات', 'تمثل المشاريع الأكاديمية جزءا مهما من التعليم العالي , حيث تتيح للطلاب تطبيق المعرفة وتطوير ‏المهارات البحثية .‏\nلكن تبرز العديد من التحديات التي تستدعي نظاما لإدارة هذه المشاريع بكفاءة .‏\nأحد التحديات هو متابعة تقدم المشروع وتقييم الأداء في كل مرحلة , مما يجعل مراقبة التزام الفرق ‏بالخطة الزمنية أمرا  صعبا .‏\nكذلك يؤدي غياب منصة موحدة للتواصل إلى صعوبات في تنظيم المناقشات وتوززيع المهام بين ‏أعضاء الفريق والمشرفين .‏\nيضاف إلى ذلك نقص الموارد التعليمية المتاحة , مما يعوق وصول الطلاب إلى الأدوات والمراجع ‏اللازمة.‏\nكما توجد حاجة إلى نظام لتقييم الأعضاء سريا , وآلية  إدارية للموافقات الإلكترونية , مع إرشاد من ‏الأكاديميين وذوي الخبرة و الطلاب السابقين لتوجيه الطلاب الجدد.‏\nكما أن غياب أداة توصية يمكن أن يُعيق الفرق في اختيار الأعضاء الملائمين، حيث يمكن لنظام ‏التوصية دعم الطلاب باقتراح زملاء لديهم المهارات المناسبة للانضمام إلى مشاريعهم.‏', 'النطاق\nمن خلال البحث حول آلية إدارة جامعة الشام الخاصة لمشاريع الطلاب الأكاديمية، يتبين أن ‏الجامعة لا تملك نظاماً إلكترونياً لإدارة المشاريع، وتعتمد بدلاً من ذلك على وسائل التواصل مثل ‏واتساب وتلغرام، إلى جانب المقابلات الواقعية، لمتابعة الطلاب وإدارة مشاريعهم. هذه الطرق تفتقر ‏إلى الكثير من الخصائص التي تتيح الإدارة الفعالة والمنهجية للمشاريع، وهو ما يسبب العديد من ‏المشكلات، منها:‏\n\n‏-‏	صعوبة تنظيم المراحل الزمنية للمشاريع: تعاني الجامعة من عدم وجود تقسيم منظم ‏لمراحل المشاريع مع مواعيد نهائية واضحة، مما يجعل المتابعة والتقييم الدوري أصعب. ‏كما أن غياب التنبيهات الرقمية يؤدي إلى التأخر في تسليم المراحل بسبب الاعتماد على ‏التواصل الفردي والواقعي، وهذا يؤثر على تقدم المشاريع.‏\n‏-‏	غياب أدوات المتابعة والتحليل: باستخدام وسائل التواصل التقليدية، يصبح من الصعب ‏تتبع إحصائيات المشاريع ونسبة الإنجاز وعدد المشاريع المكتملة.', 'mindmaps/FZQtasvLrDUp5pt1bMpE2fNJg2d6cWAZ0QzLCmxx.png', 'نظام إدارة المشاريع الأكاديمية بجامعة الشام الخاصة، يهدف إلى توفير أدوات متكاملة تساعد ‏الطلاب والمشرفين في متابعة المراحل الزمنية، والتحليل، وتوزيع المهام، وعرض المشاريع ‏المتميزة. يشمل النظام مكتبة موارد تدعم تنفيذ المشاريع وتخصيص إعدادات خصوصية لكل ‏فريق، مما يعزز من سرية المشاريع.', 'Agile', '{\"Platform\": [\"Web\"], \"Databases\": [\"MySQL\"], \"Languages\": [\"PHP\"]}', '‏. إنشاء حساب‏\n‏2. تسجيل دخول‏\n‏3.', '‏١. الأمن والحماية ‏\n‏٢.واجهات سهلة الاستخدام', '2025-04-20 06:10:55', '2025-04-20 06:10:55'),
(28, 2, 'مشروع نظام إدارة المقترحات', 'تمثل المشاريع الأكاديمية جزءا مهما من التعليم العالي , حيث تتيح للطلاب تطبيق المعرفة وتطوير ‏المهارات البحثية .‏\nلكن تبرز العديد من التحديات التي تستدعي نظاما لإدارة هذه المشاريع بكفاءة .‏\nأحد التحديات هو متابعة تقدم المشروع وتقييم الأداء في كل مرحلة...', 'النطاق\nمن خلال البحث حول آلية إدارة جامعة الشام الخاصة لمشاريع الطلاب الأكاديمية، يتبين أن ‏الجامعة لا تملك نظاماً إلكترونياً لإدارة المشاريع، وتعتمد بدلاً من ذلك على وسائل التواصل مثل ‏واتساب وتلغرام، إلى جانب المقابلات الواقعية، لمتابعة الطلاب وإدا...', 'mindmaps/YL5fuKEqpkAFhSSu1tjflKcnCn3j7tdscf9xUfF1.png', 'نظام إدارة المشاريع الأكاديمية بجامعة الشام الخاصة، يهدف إلى توفير أدوات متكاملة تساعد ‏الطلاب والمشرفين في متابعة المراحل الزمنية، والتحليل، وتوزيع المهام، وعرض المشاريع ‏المتميزة. يشمل النظام مكتبة موارد تدعم تنفيذ المشاريع وتخصيص إعدادات خصوصية لك...', 'Agile', '{\"Platform\": [\"Web\"], \"Databases\": [\"MySQL\"], \"Languages\": [\"PHP\"]}', '‏. إنشاء حساب‏\n‏2. تسجيل دخول‏\n‏3. إتاحة للمستخدم بتعديل معلومات حسابه الشخصية‏\n‏4. تخصيص صلاحيات لكل نوع حساب‏\n‏5. تقسيم المشروع لمراحل متعددة‏\n‏6. تحديد مواعيد نهائية لكل مرحلة من المشرف‏\n‏7. تقييم كل مرحلة من المشرف مع إمكانية إضافة ملاحظات للطلاب...', '‏١. الأمن والحماية ‏\n‏٢.واجهات سهلة الاستخدام', '2025-04-20 09:55:26', '2025-04-20 09:55:26'),
(29, 2, 'مشروع نظام إدارة المقترحات', 'تمثل المشاريع الأكاديمية جزءا مهما من التعليم العالي , حيث تتيح للطلاب تطبيق المعرفة وتطوير ‏المهارات البحثية .‏\nلكن تبرز العديد من التحديات التي تستدعي نظاما لإدارة هذه المشاريع بكفاءة .‏\nأحد التحديات هو متابعة تقدم المشروع وتقييم الأداء في كل مرحلة...', 'النطاق\nمن خلال البحث حول آلية إدارة جامعة الشام الخاصة لمشاريع الطلاب الأكاديمية، يتبين أن ‏الجامعة لا تملك نظاماً إلكترونياً لإدارة المشاريع، وتعتمد بدلاً من ذلك على وسائل التواصل مثل ‏واتساب وتلغرام، إلى جانب المقابلات الواقعية، لمتابعة الطلاب وإدا...', 'mindmaps/mmbrTRNtS0bQn1Ip0TEsu1GFgu9XTi7wM6MwoWb1.png', 'نظام إدارة المشاريع الأكاديمية بجامعة الشام الخاصة، يهدف إلى توفير أدوات متكاملة تساعد ‏الطلاب والمشرفين في متابعة المراحل الزمنية، والتحليل، وتوزيع المهام، وعرض المشاريع ‏المتميزة. يشمل النظام مكتبة موارد تدعم تنفيذ المشاريع وتخصيص إعدادات خصوصية لك...', 'Agile', '{\"Platform\": [\"Web\"], \"Databases\": [\"MySQL\"], \"Languages\": [\"PHP\"]}', '‏. إنشاء حساب‏\n‏2. تسجيل دخول‏\n‏3. إتاحة للمستخدم بتعديل معلومات حسابه الشخصية‏\n‏4. تخصيص صلاحيات لكل نوع حساب‏\n‏5. تقسيم المشروع لمراحل متعددة‏\n‏6. تحديد مواعيد نهائية لكل مرحلة من المشرف‏\n‏7. تقييم كل مرحلة من المشرف مع إمكانية إضافة ملاحظات للطلاب...', '‏١. الأمن والحماية ‏\n‏٢.واجهات سهلة الاستخدام لهجلا بيغاب أبائ قدقاكف عليه إن الىبر شعد التعادر الع', '2025-04-20 10:01:54', '2025-04-20 10:01:54'),
(30, 2, 'مشروع نظام إدارة المقترحات', '.', '.                  .', 'mindmaps/r5c7lUInDL1u3wf86yA15SzyFF2qX4LER7JRyOrD.png', '.', 'Agile', '{\"Platform\": [\"Web\"], \"Databases\": [\"MySQL\"], \"Languages\": [\"PHP\"]}', '‏. إنشاء حساب‏\n‏2. تسجيل دخول‏\n‏3. إتاحة للمستخدم بتعديل معلومات حسابه الشخصية‏\n‏4. تخصيص صلاحيات لكل نوع حساب‏\n‏5. تقسيم المشروع لمراحل متعددة‏\n‏6. تحديد مواعيد نهائية لكل مرحلة من المشرف‏\n‏7. تقييم كل مرحلة من المشرف مع إمكانية إضافة ملاحظات للطلاب...', '.', '2025-04-20 11:20:28', '2025-04-20 11:20:28'),
(31, 2, 'مشروع نظام إدارة المقترحات', '.', '.                  .', 'mindmaps/rTjHeR2A6SvwNqHOU2fqxLcisn0BYkg8EYVkiNb4.png', '.', 'Agile', '{\"Platform\": [\"Web\"], \"Databases\": [\"MySQL\"], \"Languages\": [\"PHP\"]}', '.', '.', '2025-04-20 11:24:28', '2025-04-20 11:24:28'),
(32, 2, 'مشروع نظام إدارة المقترحات', '.', '.                  .', 'mindmaps/bglb35qPXPUmNsIiZi3XBlXLuY3WolVkkHRaMEPa.png', '.', 'Agile', '{\"Platform\": [\"Web\"], \"Databases\": [\"MySQL\"], \"Languages\": [\"PHP\"]}', '.', '.', '2025-04-20 11:30:06', '2025-04-20 11:30:06'),
(33, 2, 'مشروع نظام إدارة المقترحات', ',     .         -            –   : a saxophonic tyrannical gynecological et al.', ': -   –    — ,                 ., () i.e., and if a person is not able to re-enter the e-mail address, it’s not possible to send an email to', 'mindmaps/KvzEhbOBY8FaYLn9rJfq1Pfi4SN4uCHEZyIjUalH.png', '–  -     :          —      . , ,,  и наалноо расолоне уаи в не друение.', 'Agile', '{\"Platform\": [\"Web\"], \"Databases\": [\"MySQL\"], \"Languages\": [\"PHP\"]}', '21.       2..  3.     –  :  -  a liar.', ':...        -    .', '2025-04-20 13:17:57', '2025-04-20 13:17:57'),
(34, 2, 'مشروع نظام إدارة المقترحات', '<extra_id_0> للطلاب الجدد . كما يؤدي غياب منصة لتقييم الأعضاء على الفرق. <extra_id_34>', '<extra_id_0> على المشاريع التي تقدمها الجامعة، كما يواجه الكثير من المشكلات، منها:', 'mindmaps/z1xKAKdEPJ35psKyryebGckKf15KLzWzxsduJKt5.png', '<extra_id_0> . <extra_id_11> ، كما يقدم نظام توصية لمساعدة الطلاب في اختيار فرقهم.', 'Agile', '{\"Platform\": [\"Web\"], \"Databases\": [\"MySQL\"], \"Languages\": [\"PHP\"]}', '<extra_id_0> مناسبة .. <extra_id_27> عدد المشاريع والمشاريع الموجودة في المشروع -. <extra_id_10> مجانا!.', '<extra_id_0> سهلة استخدام مناسبة لاستخدام التطبيقات الخاصة بهم. <extra_id_36> عالية الاعتماد على الطلبات', '2025-04-20 15:07:20', '2025-04-20 15:07:20'),
(35, 2, 'مشروع نظام إدارة المقترحات', '<extra_id_0> للطلاب الجدد . وهكذا يمكننا الاستفادة منها كثيراً.', '<extra_id_0> لإدارة المشاريع، وهذا يؤدي إلى التأخر في تقديم التقارير.', 'mindmaps/ExbWlainmF3Q5WcGCPLpBCK7VuACkUuKE3xQCBmv.png', '<extra_id_0> المناسبة . <extra_id_10> . مجاناً! <extra_id_8>... <extra_id_49> على النحو التالي: [email protected]', 'Agile', '{\"Platform\": [\"Web\"], \"Databases\": [\"MySQL\"], \"Languages\": [\"PHP\"]}', '<extra_id_0> المشاريع الصغيرة والمتوسطة . <extra_id_10>  <extra_id_11> مجانا! <extra_id_49> مناسبة للطلاب السابقين', '<extra_id_0>.) <extra_id_34>: ١٢ واجهات سهلة الاستخدام ٢٦ واجهة سهلة للاستخدام ٢٧', '2025-04-20 15:13:53', '2025-04-20 15:13:53'),
(36, 2, 'مشروع نظام إدارة المقترحات', '<extra_id_0> للطلاب الجدد . كما يمكن أن يكون هناك حاجة إلى نظام لتقييم الأعضاء', '<extra_id_0> على المشاريع التي تقدم مشاريعهم، كما يواجه الكثير من المشكلات، منها: -', 'mindmaps/5RnHSqvAzgjkKYSJli7t0PB9zm9kx3acYnkzO8sb.png', '<extra_id_0> النظام المقترح نظام توصية لمساعدة الطلاب في اختيار فرقهم ..بوتية.равится', 'Agile', '{\"Platform\": [\"Web\"], \"Databases\": [\"MySQL\"], \"Languages\": [\"PHP\"]}', '<extra_id_0> مناسبة للعمل على المشاريع المميزة .. <extra_id_10> مجاناً.!! <extra_id_24> !. <extra_id_49> عرض', '<extra_id_0> على اللغة العربية. .بوتاسيات عربية.dgå..🅐. <extra_id_51> كاملة ً. <extra_id_41>', '2025-04-20 15:18:34', '2025-04-20 15:18:34'),
(37, 2, 'مشروع نظام إدارة المقترحات', '<extra_id_0> الفرق .. <extra_id_12>. كتب : محمد محمود , عدد المشاهدات: (( ) <extra_id_56>.', '<extra_id_0> .. <extra_id_10>. - صعوبة تنظيم المراحل الزمنية للمشاريع: البحث حول هذه الطرق.', 'mindmaps/BT8K0nIqu5S0cJRw4rLeWv7UX5qTNQbamDkRD0yr.png', '<extra_id_0> المناسبة لذلك. <extra_id_10>  <extra_id_11> ..معدل: تحميل المزيد من المعلومات. قراءة الجمل', 'Agile', '{\"Platform\": [\"Web\"], \"Databases\": [\"MySQL\"], \"Languages\": [\"PHP\"]}', '<extra_id_0> كاملة على البحث عن شركاء مشاريع أخرى. النص: . إنشاء حساب 2. تسجيل حساب', '<extra_id_0> .. <extra_id_27> النص كامل: <extra_id_49> أخرى يمكن الاطلاع على ملخص دقيق يمكنك قراءته.', '2025-04-20 15:22:43', '2025-04-20 15:22:43'),
(38, 2, 'مشروع نظام إدارة المقترحات', '<extra_id_0> على النقاط التالية. النص: يمكن أن يكون كافيا لفهم الفكرة العامة دون الرجوع إليها.', '<extra_id_0> المناسبة لإدارة المشاريع .. <extra_id_10> مجاناً :. <extra_id_28> !. <extra_id_52> على الطريقة. - صعوبة تنظيم المراحل', 'mindmaps/hrDIpxvAwuKtGUOA9mgbDCOJa8ifHsREmpunWWoT.png', '<extra_id_0> المناسبة .. <extra_id_12> مجاناً :. ). (م.) <extra_id_52> النص التالي: <extra_id_35>.م', 'Agile', '{\"Platform\": [\"Web\"], \"Databases\": [\"MySQL\"], \"Languages\": [\"PHP\"]}', '<extra_id_0> لتقييم المشاريع المميزة . <extra_id_10>  <extra_id_11> ! <extra_id_55> على النص التالي: <extra_id_43> المزيد من النقاط', '<extra_id_0> النص التالي. <extra_id_10>  <extra_id_11> على هذه الفكرة العامة. - موقع الموقع : الإمارات العربية المتحدة.', '2025-04-20 15:27:26', '2025-04-20 15:27:26'),
(39, 2, 'مشروع نظام إدارة المقترحات', 'تمثل المشاريع الأكاديمية جزءا مهما من التعليم العالي , حيث تتيح للطلاب تطبيق المعرفة وتطوير ‏المهارات البحثية .‏\nلكن تبرز العديد من التحديات التي تستدعي نظاما لإدارة هذه المشاريع بكفاءة .‏\nأحد التحديا...', 'النطاق\nمن خلال البحث حول آلية إدارة جامعة الشام الخاصة لمشاريع الطلاب الأكاديمية، يتبين أن ‏الجامعة لا تملك نظاماً إلكترونياً لإدارة المشاريع، وتعتمد بدلاً من ذلك على وسائل التواصل مثل ‏واتساب وتلغرام...', 'mindmaps/pQn5gXKa4tQNhty2CzSSEkNrwXj5WXMoXsA5KEbu.png', 'نظام إدارة المشاريع الأكاديمية بجامعة الشام الخاصة، يهدف إلى توفير أدوات متكاملة تساعد ‏الطلاب والمشرفين في متابعة المراحل الزمنية، والتحليل، وتوزيع المهام، وعرض المشاريع ‏المتميزة. يشمل النظام مكتبة...', 'Agile', '{\"Platform\": [\"Web\"], \"Databases\": [\"MySQL\"], \"Languages\": [\"PHP\"]}', '‏. إنشاء حساب‏\n‏2. تسجيل دخول‏\n‏3. إتاحة للمستخدم بتعديل معلومات حسابه الشخصية‏\n‏4. تخصيص صلاحيات لكل نوع حساب‏\n‏5. تقسيم المشروع لمراحل متعددة‏\n‏6. تحديد مواعيد نهائية لكل مرحلة من المشرف‏\n‏7. تقييم...', '‏١. الأمن والحماية ‏\n‏٢.واجهات سهلة الاستخدام', '2025-04-20 15:31:17', '2025-04-20 15:31:17');
INSERT INTO `project_proposals` (`proposalId`, `leader_id`, `title`, `problem_statement`, `problem_background`, `problem_mindmap_path`, `proposed_solution`, `methodology`, `technology_stack`, `functional_requirements`, `non_functional_requirements`, `created_at`, `updated_at`) VALUES
(40, 2, 'مشروع نظام إدارة المقترحات', 'تمثل المشاريع الأكاديمية جزءا مهما من التعليم العالي , حيث تتيح للطلاب تطبيق المعرفة وتطوير ‏المهارات البحثية .‏\nلكن تبرز العديد من التحديات التي تستدعي نظاما لإدارة هذه المشاريع بكفاءة .‏\nأحد التحديا...', 'النطاق\nمن خلال البحث حول آلية إدارة جامعة الشام الخاصة لمشاريع الطلاب الأكاديمية، يتبين أن ‏الجامعة لا تملك نظاماً إلكترونياً لإدارة المشاريع، وتعتمد بدلاً من ذلك على وسائل التواصل مثل ‏واتساب وتلغرام...', 'mindmaps/Vsiuq0f32YKqeX8MKwt0Rocgv9kbF1WbV4U8lJSS.png', 'نظام إدارة المشاريع الأكاديمية بجامعة الشام الخاصة، يهدف إلى توفير أدوات متكاملة تساعد ‏الطلاب والمشرفين في متابعة المراحل الزمنية، والتحليل، وتوزيع المهام، وعرض المشاريع ‏المتميزة. يشمل النظام مكتبة...', 'Agile', '{\"Platform\": [\"Web\"], \"Databases\": [\"MySQL\"], \"Languages\": [\"PHP\"]}', '‏. إنشاء حساب‏\n‏2. تسجيل دخول‏\n‏3. إتاحة للمستخدم بتعديل معلومات حسابه الشخصية‏\n‏4. تخصيص صلاحيات لكل نوع حساب‏\n‏5. تقسيم المشروع لمراحل متعددة‏\n‏6. تحديد مواعيد نهائية لكل مرحلة من المشرف‏\n‏7. تقييم...', '‏١. الأمن والحماية ‏\n‏٢.واجهات سهلة الاستخدام', '2025-04-20 15:33:07', '2025-04-20 15:33:07'),
(41, 2, 'مشروع نظام إدارة المقترحات', '<extra_id_0> الفرق . كما يمكن أن يكون هناك حاجة إلى نظام لتقييم الأعضاء. <extra_id_10>', '<extra_id_0> على المشاريع التي تقدم مشاريعهم، كما يواجه الكثير من المشكلات، منها: -', 'mindmaps/EcKw96qQwocxjoHt2OZoebmOWCM9V8NHAd8yPD2g.png', '<extra_id_0> النظام المقترح نظام توصية لمساعدة الطلاب والمشاركين في اختيار فرقهم. .;\">', 'Agile', '{\"Platform\": [\"Web\"], \"Databases\": [\"MySQL\"], \"Languages\": [\"PHP\"]}', '<extra_id_0> اختيارية لتقييم المشاريع والمشاريع التي تقدمها الفريق .. <extra_id_10> مجال البحث -', '<extra_id_0> ..) <extra_id_34> لذلك فهي واجهات سهلة الاستخدام، كما هو الحال في هذه الظاهرة', '2025-04-20 15:35:48', '2025-04-20 15:35:48'),
(42, 2, 'مشروع نظام إدارة المقترحات', '<extra_id_0> الفرق. النص: يمكن أن يكون التلخيص واضحًا ودقيقا .. <extra_id_10>. مجانا.', '<extra_id_0> النص: النطاق. - صعوبة تنظيم المراحل الزمنية للمشاريع لإدارة المشاريع.', 'mindmaps/jRuCSZc9srX2KI85Wui7M1bWewDTWKn6Gw3q9u8a.png', '<extra_id_0> . <extra_id_11>. النص: نظام توصية لمساعدة الطلاب في اختيار المشاريع الأكاديمية..', 'Agile', '{\"Platform\": [\"Web\"], \"Databases\": [\"MySQL\"], \"Languages\": [\"PHP\"]}', '<extra_id_0> على المشروع. النص: . إنشاء حساب 2. تسجيل دخول 3. اختيار طريقة لعرض المشاريع', '<extra_id_0> على المشروع الأكاديمي. النص: ١. الأمن والحماية . <extra_id_27>.. <extra_id_8>. <extra_id_52> دقيقًا.', '2025-04-20 15:46:20', '2025-04-20 15:46:20'),
(43, 2, 'مشروع نظام إدارة المقترحات', '<extra_id_0> الفرق .. النص: يمكن أن يكون هناك حاجة إلى نظام توصية.', '<extra_id_0> الجامعة. النص: البحث حول التلخيص الآتي: - التحديات في إدارة المشاريع.', 'mindmaps/yRZNrDenVvT1lcun9T7VAZYTqVfoXJxJRu6PqYHl.png', '<extra_id_0> . <extra_id_11>. النص: نظام توصية لمساعدة الطلاب في اختيار المشاريع الأكاديمية..', 'Agile', '{\"Platform\": [\"Web\"], \"Databases\": [\"MySQL\"], \"Languages\": [\"PHP\"]}', '<extra_id_0> على المشروع. النص: . إنشاء حساب 2. تسجيل دخول 3. عرض المشاريع المميزة.', '<extra_id_0> النص: ١. واجهات سهلة الاستخدام - تعلم اللغة العربية كاملة جميع الحقوق محفوظة', '2025-04-20 15:51:35', '2025-04-20 15:51:35'),
(44, 2, 'مشروع نظام إدارة المقترحات', 'تمثل المشاريع الأكاديمية جزءا مهما من التعليم العالي , حيث تتيح للطلاب تطبيق المعرفة وتطوير ‏المهارات البحثية .‏\nلكن تبرز العديد من التحديات التي تستدعي نظاما لإدارة هذه المشاريع بكفاءة .‏\nأحد التحديا...', 'النطاق\nمن خلال البحث حول آلية إدارة جامعة الشام الخاصة لمشاريع الطلاب الأكاديمية، يتبين أن ‏الجامعة لا تملك نظاماً إلكترونياً لإدارة المشاريع، وتعتمد بدلاً من ذلك على وسائل التواصل مثل ‏واتساب وتلغرام...', 'mindmaps/GxlQ1SkpmxylFVMhP4QAEcTCoNRBCdwyPHGu5kYB.png', 'نظام إدارة المشاريع الأكاديمية بجامعة الشام الخاصة، يهدف إلى توفير أدوات متكاملة تساعد ‏الطلاب والمشرفين في متابعة المراحل الزمنية، والتحليل، وتوزيع المهام، وعرض المشاريع ‏المتميزة. يشمل النظام مكتبة...', 'Agile', '{\"Platform\": [\"Web\"], \"Databases\": [\"MySQL\"], \"Languages\": [\"PHP\"]}', '‏. إنشاء حساب‏\n‏2. تسجيل دخول‏\n‏3. إتاحة للمستخدم بتعديل معلومات حسابه الشخصية‏\n‏4. تخصيص صلاحيات لكل نوع حساب‏\n‏5. تقسيم المشروع لمراحل متعددة‏\n‏6. تحديد مواعيد نهائية لكل مرحلة من المشرف‏\n‏7. تقييم...', '‏١. الأمن والحماية ‏\n‏٢.واجهات سهلة الاستخدام', '2025-04-21 04:31:44', '2025-04-21 04:31:44'),
(45, 2, 'مشروع نظام إدارة المقترحات', 'تمثل المشاريع الأكاديمية جزءا مهما من التعليم العالي , حيث تتيح للطلاب تطبيق المعرفة وتطوير ‏المهارات البحثية .‏\nلكن تبرز العديد من التحديات التي تستد...', 'النطاق\nمن خلال البحث حول آلية إدارة جامعة الشام الخاصة لمشاريع الطلاب الأكاديمية، يتبين أن ‏الجامعة لا تملك نظاماً إلكترونياً لإدارة المشاريع، وتعتمد ...', 'mindmaps/kZt3kUbX9hu2XH362U02IttAMs8OZ8Kp9PXpVMs2.png', 'نظام إدارة المشاريع الأكاديمية بجامعة الشام الخاصة، يهدف إلى توفير أدوات متكاملة تساعد ‏الطلاب والمشرفين في متابعة المراحل الزمنية، والتحليل، وتوزيع ا...', 'Agile', '{\"Platform\": [\"Web\"], \"Databases\": [\"MySQL\"], \"Languages\": [\"PHP\"]}', '‏. إنشاء حساب‏\n‏2. تسجيل دخول‏\n‏3. إتاحة للمستخدم بتعديل معلومات حسابه الشخصية‏\n‏4. تخصيص صلاحيات لكل نوع حساب‏\n‏5. تقسيم المشروع لمراحل متعددة‏\n‏6. ت...', '‏١. الأمن والحماية ‏\n‏٢.واجهات سهلة الاستخدام', '2025-04-21 05:06:54', '2025-04-21 05:06:54'),
(46, 2, 'مشروع نظام إدارة المقترحات', 'تمثل المشاريع الأكاديمية جزءا مهما من التعليم العالي , حيث تتيح للطلاب تطبيق المعرفة وتطوير ‏المهارات البحثية .‏\nلكن تبرز العديد من التحديات التي تستد...', 'النطاق\nمن خلال البحث حول آلية إدارة جامعة الشام الخاصة لمشاريع الطلاب الأكاديمية، يتبين أن ‏الجامعة لا تملك نظاماً إلكترونياً لإدارة المشاريع، وتعتمد ...', 'mindmaps/p8BSo5oKs1fk4McpSQourtoh5BdmD6gToasWREsj.png', 'نظام إدارة المشاريع الأكاديمية بجامعة الشام الخاصة، يهدف إلى توفير أدوات متكاملة تساعد ‏الطلاب والمشرفين في متابعة المراحل الزمنية، والتحليل، وتوزيع ا...', 'Agile', '{\"Platform\": [\"Web\"], \"Databases\": [\"MySQL\"], \"Languages\": [\"PHP\"]}', '‏. إنشاء حساب‏\n‏2. تسجيل دخول‏\n‏3. إتاحة للمستخدم بتعديل معلومات حسابه الشخصية‏\n‏4. تخصيص صلاحيات لكل نوع حساب‏\n‏5. تقسيم المشروع لمراحل متعددة‏\n‏6. ت...', '‏١. الأمن والحماية ‏\n‏٢.واجهات سهلة الاستخدام', '2025-04-21 05:14:50', '2025-04-21 05:14:50'),
(47, 2, 'مشروع نظام إدارة المقترحات', 'تمثل المشاريع الأكاديمية جزءا مهما من التعليم العالي , حيث تتيح للطلاب تطبيق المعرفة وتطوير ‏المهارات البحثية .‏\nلكن تبرز العديد من التحديات التي تستدعي نظاما لإدارة هذه المشاريع بكفاءة .‏\nأحد التحديا...', 'النطاق\nمن خلال البحث حول آلية إدارة جامعة الشام الخاصة لمشاريع الطلاب الأكاديمية، يتبين أن ‏الجامعة لا تملك نظاماً إلكترونياً لإدارة المشاريع، وتعتمد بدلاً من ذلك على وسائل التواصل مثل ‏واتساب وتلغرام...', 'mindmaps/gta3k7lwo3qKLcwCmsFs6wbLDuOawQhNQj1QGtWq.png', 'نظام إدارة المشاريع الأكاديمية بجامعة الشام الخاصة، يهدف إلى توفير أدوات متكاملة تساعد ‏الطلاب والمشرفين في متابعة المراحل الزمنية، والتحليل، وتوزيع المهام، وعرض المشاريع ‏المتميزة. يشمل النظام مكتبة...', 'Agile', '{\"Platform\": [\"Web\"], \"Databases\": [\"MySQL\"], \"Languages\": [\"PHP\"]}', '‏. إنشاء حساب‏\n‏2. تسجيل دخول‏\n‏3. إتاحة للمستخدم بتعديل معلومات حسابه الشخصية‏\n‏4. تخصيص صلاحيات لكل نوع حساب‏\n‏5. تقسيم المشروع لمراحل متعددة‏\n‏6. تحديد مواعيد نهائية لكل مرحلة من المشرف‏\n‏7. تقييم...', '‏١. الأمن والحماية ‏\n‏٢.واجهات سهلة الاستخدام', '2025-04-21 05:36:23', '2025-04-21 05:36:23'),
(48, 2, 'مشروع نظام إدارة المقترحات', 'تمثل المشاريع الأكاديمية جزءا مهما من التعليم العالي , حيث تتيح للطلاب تطبيق المعرفة وتطوير ‏المهارات البحثية .‏\nلكن تبرز العديد من التحديات التي تستدعي نظاما لإدارة هذه المشاريع بكفاءة .‏\nأحد التحديا...', 'النطاق\nمن خلال البحث حول آلية إدارة جامعة الشام الخاصة لمشاريع الطلاب الأكاديمية، يتبين أن ‏الجامعة لا تملك نظاماً إلكترونياً لإدارة المشاريع، وتعتمد بدلاً من ذلك على وسائل التواصل مثل ‏واتساب وتلغرام...', 'mindmaps/GFKM6btWJgoTohDoRgU9NKPOs0OkjVAby4P7e8zm.png', 'نظام إدارة المشاريع الأكاديمية بجامعة الشام الخاصة، يهدف إلى توفير أدوات متكاملة تساعد ‏الطلاب والمشرفين في متابعة المراحل الزمنية، والتحليل، وتوزيع المهام، وعرض المشاريع ‏المتميزة. يشمل النظام مكتبة...', 'Agile', '{\"Platform\": [\"Web\"], \"Databases\": [\"MySQL\"], \"Languages\": [\"PHP\"]}', '‏. إنشاء حساب‏\n‏2. تسجيل دخول‏\n‏3. إتاحة للمستخدم بتعديل معلومات حسابه الشخصية‏\n‏4. تخصيص صلاحيات لكل نوع حساب‏\n‏5. تقسيم المشروع لمراحل متعددة‏\n‏6. تحديد مواعيد نهائية لكل مرحلة من المشرف‏\n‏7. تقييم...', '‏١. الأمن والحماية ‏\n‏٢.واجهات سهلة الاستخدام', '2025-04-21 05:44:05', '2025-04-21 05:44:05'),
(49, 2, 'مشروع نظام إدارة المقترحات', 'تمثل المشاريع الأكاديمية جزءا مهما من التعليم العالي , حيث تتيح للطلاب تطبيق المعرفة وتطوير ‏المهارات البحثية .‏\nلكن تبرز العديد من التحديات التي تستدعي نظاما لإدارة هذه المشاريع بكفاءة .‏\nأحد التحديا...', 'النطاق\nمن خلال البحث حول آلية إدارة جامعة الشام الخاصة لمشاريع الطلاب الأكاديمية، يتبين أن ‏الجامعة لا تملك نظاماً إلكترونياً لإدارة المشاريع، وتعتمد بدلاً من ذلك على وسائل التواصل مثل ‏واتساب وتلغرام...', 'mindmaps/WnJpvTpADLJcTwCVcaCif6zSH9q2kBxuF9hhNnot.png', 'نظام إدارة المشاريع الأكاديمية بجامعة الشام الخاصة، يهدف إلى توفير أدوات متكاملة تساعد ‏الطلاب والمشرفين في متابعة المراحل الزمنية، والتحليل، وتوزيع ا...', 'Agile', '{\"Platform\": [\"Web\"], \"Databases\": [\"MySQL\"], \"Languages\": [\"PHP\"]}', '‏. إنشاء حساب‏\n‏2. تسجيل دخول‏\n‏3. إتاحة للمستخدم بتعديل معلومات حسابه الشخصية‏\n‏4. تخصيص صلاحيات لكل نوع حساب‏\n‏5. تقسيم المشروع لمراحل متعددة‏\n‏6. تحديد مواعيد نهائية لكل مرحلة من المشرف‏\n‏7. تقييم...', '‏١. الأمن والحماية ‏\n‏٢.واجهات سهلة الاستخدام', '2025-04-21 06:14:31', '2025-04-21 06:14:31'),
(50, 2, 'مشروع نظام إدارة المقترحات', 'تمثل المشاريع الأكاديمية جزءا مهما من التعليم العالي , حيث تتيح للطلاب تطبيق المعرفة وتطوير ‏المهارات البحثية .‏\nلكن تبرز العديد من التحديات التي تستدعي نظاما لإدارة هذه المشاريع بكفاءة .‏\nأحد التحديا...', 'النطاق\nمن خلال البحث حول آلية إدارة جامعة الشام الخاصة لمشاريع الطلاب الأكاديمية، يتبين أن ‏الجامعة لا تملك نظاماً إلكترونياً لإدارة المشاريع، وتعتمد بدلاً من ذلك على وسائل التواصل مثل ‏واتساب وتلغرام...', 'mindmaps/OjUqTR2yPQpEvHUG1NXUk0G99JhI1Q9924P4IMOl.png', 'نظام إدارة المشاريع الأكاديمية بجامعة الشام الخاصة، يهدف إلى توفير أدوات متكاملة تساعد ‏الطلاب والمشرفين في متابعة المراحل الزمنية، والتحليل، وتوزيع المهام، وعرض المشاريع ‏المتميزة. يشمل النظام مكتبة...', 'Agile', '{\"Platform\": [\"Web\"], \"Databases\": [\"MySQL\"], \"Languages\": [\"PHP\"]}', '‏. إنشاء حساب‏\n‏2. تسجيل دخول‏\n‏3. إتاحة للمستخدم بتعديل معلومات حسابه الشخصية‏\n‏4. تخصيص صلاحيات لكل نوع حساب‏\n‏5. تقسيم المشروع لمراحل متعددة‏\n‏6. تحديد مواعيد نهائية لكل مرحلة من المشرف‏\n‏7. تقييم...', '‏١. الأمن والحماية ‏\n‏٢.واجهات سهلة الاستخدام', '2025-04-21 06:34:53', '2025-04-21 06:34:53'),
(51, 2, 'مشروع نظام إدارة المقترحات', 'تمثل المشاريع الأكاديمية جزءا مهما من التعليم العالي , حيث تتيح للطلاب تطبيق المعرفة وتطوير ‏المهارات البحثية .‏\nلكن تبرز العديد من التحديات التي تستدعي نظاما لإدارة هذه المشاريع بكفاءة .‏\nأحد التحديا...', 'النطاق\nمن خلال البحث حول آلية إدارة جامعة الشام الخاصة لمشاريع الطلاب الأكاديمية، يتبين أن ‏الجامعة لا تملك نظاماً إلكترونياً لإدارة المشاريع، وتعتمد بدلاً من ذلك على وسائل التواصل مثل ‏واتساب وتلغرام...', 'mindmaps/KnL0E2pZBoANnNui9Tj1eSIoaURfUxWKcxx7gYqQ.png', 'نظام إدارة المشاريع الأكاديمية بجامعة الشام الخاصة، يهدف إلى توفير أدوات متكاملة تساعد ‏الطلاب والمشرفين في متابعة المراحل الزمنية، والتحليل، وتوزيع المهام، وعرض المشاريع ‏المتميزة. يشمل النظام مكتبة...', 'Agile', '{\"Platform\": [\"Web\"], \"Databases\": [\"MySQL\"], \"Languages\": [\"PHP\"]}', '‏. إنشاء حساب‏\n‏2. تسجيل دخول‏\n‏3. إتاحة للمستخدم بتعديل معلومات حسابه الشخصية‏\n‏4. تخصيص صلاحيات لكل نوع حساب‏\n‏5. تقسيم المشروع لمراحل متعددة‏\n‏6. تحديد مواعيد نهائية لكل مرحلة من المشرف‏\n‏7. تقييم...', '‏١. الأمن والحماية ‏\n‏٢.واجهات سهلة الاستخدام', '2025-04-21 07:18:38', '2025-04-21 07:18:38'),
(52, 2, 'مشروع نظام إدارة المقترحات', 'تمثل المشاريع الأكاديمية جزءا مهما من التعليم العالي , حيث تتيح للطلاب تطبيق المعرفة وتطوير ‏المهارات البحثية .‏\nلكن تبرز العديد من التحديات التي تستدعي نظاما لإدارة هذه المشاريع بكفاءة .‏\nأحد التحديا...', 'النطاق\nمن خلال البحث حول آلية إدارة جامعة الشام الخاصة لمشاريع الطلاب الأكاديمية، يتبين أن ‏الجامعة لا تملك نظاماً إلكترونياً لإدارة المشاريع، وتعتمد بدلاً من ذلك على وسائل التواصل مثل ‏واتساب وتلغرام...', 'mindmaps/vP7NrU8nrLGvAV7wOXt564iw6XLm6mses5EHZ3al.png', 'نظام إدارة المشاريع الأكاديمية بجامعة الشام الخاصة، يهدف إلى توفير أدوات متكاملة تساعد ‏الطلاب والمشرفين في متابعة المراحل الزمنية، والتحليل، وتوزيع المهام، وعرض المشاريع ‏المتميزة. يشمل النظام مكتبة...', 'Agile', '{\"Platform\": [\"Web\"], \"Databases\": [\"MySQL\"], \"Languages\": [\"PHP\"]}', '‏. إنشاء حساب‏\n‏2. تسجيل دخول‏\n‏3. إتاحة للمستخدم بتعديل معلومات حسابه الشخصية‏\n‏4. تخصيص صلاحيات لكل نوع حساب‏\n‏5. تقسيم المشروع لمراحل متعددة‏\n‏6. تحديد مواعيد نهائية لكل مرحلة من المشرف‏\n‏7. تقييم...', '‏١. الأمن والحماية ‏\n‏٢.واجهات سهلة الاستخدام', '2025-04-21 07:42:45', '2025-04-21 07:42:45'),
(53, 2, 'مشروع نظام إدارة المقترحات', 'تمثل المشاريع الأكاديمية جزءا مهما من التعليم العالي , حيث تتيح للطلاب تطبيق المعرفة وتطوير ‏المهارات البحثية .‏\nلكن تبرز العديد من التحديات التي تستدعي نظاما لإدارة هذه المشاريع بكفاءة .‏\nأحد التحديا...', 'النطاق\nمن خلال البحث حول آلية إدارة جامعة الشام الخاصة لمشاريع الطلاب الأكاديمية، يتبين أن ‏الجامعة لا تملك نظاماً إلكترونياً لإدارة المشاريع، وتعتمد بدلاً من ذلك على وسائل التواصل مثل ‏واتساب وتلغرام...', 'mindmaps/3onFJdn0ufHgcpuVFwkOOXEljV5k50PhjB2dHgmt.png', 'نظام إدارة المشاريع الأكاديمية بجامعة الشام الخاصة، يهدف إلى توفير أدوات متكاملة تساعد ‏الطلاب والمشرفين في متابعة المراحل الزمنية، والتحليل، وتوزيع المهام، وعرض المشاريع ‏المتميزة. يشمل النظام مكتبة...', 'Agile', '{\"Platform\": [\"Web\"], \"Databases\": [\"MySQL\"], \"Languages\": [\"PHP\"]}', '‏. إنشاء حساب‏\n‏2. تسجيل دخول‏\n‏3. إتاحة للمستخدم بتعديل معلومات حسابه الشخصية‏\n‏4. تخصيص صلاحيات لكل نوع حساب‏\n‏5. تقسيم المشروع لمراحل متعددة‏\n‏6. تحديد مواعيد نهائية لكل مرحلة من المشرف‏\n‏7. تقييم...', '‏١. الأمن والحماية ‏\n‏٢.واجهات سهلة الاستخدام', '2025-04-21 07:54:18', '2025-04-21 07:54:18'),
(54, 2, 'مشروع نظام إدارة المقترحات', '', '', 'mindmaps/rkfGYnz1IzVLW1Wt3hkSnLyFD9kKizLI0530LXA5.png', '', 'Agile', '{\"Platform\": [\"Web\"], \"Databases\": [\"MySQL\"], \"Languages\": [\"PHP\"]}', '', '', '2025-04-21 08:14:57', '2025-04-21 08:14:57'),
(55, 2, 'مشروع نظام إدارة المقترحات', '', '', 'mindmaps/Ebz5Q2Q9WQCtXylE7Bjkm5NYSc7C1oyzuzxJq0Kg.png', '', 'Agile', '{\"Platform\": [\"Web\"], \"Databases\": [\"MySQL\"], \"Languages\": [\"PHP\"]}', '', '', '2025-04-21 08:36:09', '2025-04-21 08:36:09'),
(56, 2, 'مشروع نظام إدارة المقترحات', '', '', 'mindmaps/xPDsEcLG6yxtXDSDI43k2tVdBARO59bAatEQ06z7.png', '', 'Agile', '{\"Platform\": [\"Web\"], \"Databases\": [\"MySQL\"], \"Languages\": [\"PHP\"]}', '', '', '2025-04-21 09:10:08', '2025-04-21 09:10:08'),
(57, 2, 'مشروع نظام إدارة المقترحات', '', '', 'mindmaps/ffYrBzObHfLiqOrZmMp5i6VFgCOu4rYrURebpnDs.png', '', 'Agile', '{\"Platform\": [\"Web\"], \"Databases\": [\"MySQL\"], \"Languages\": [\"PHP\"]}', '', '', '2025-04-21 10:12:30', '2025-04-21 10:12:30'),
(58, 2, 'مشروع نظام إدارة المقترحات', '', 'The focus of this research project is to establish a single platform for managing academic programs in the Sharjah Academic Center, but it lacks an electronic management system. Instead, the university relies solely on manual communication channels such as email and chat apps like WhatsApp, Telegram, and WeChat.', 'mindmaps/KauNpBHgHnb5CYI59Z43TqnLKncCWJU0l2vAZWxa.png', '[Translated into English with modifications for clarity and brevity.]\n\nAn Academic Management System (AMS) at the University of Sharjah, dedicated to providing comprehensive software tools to students and researchers, aims to enhance their study processes by offering a wide range of interactive software applications tailored to various time periods. These software applications are designed to assist students in mastering complex academic knowledge, while also enhancing their research skills.\n\nIn summary, this AMS is focused on facilitating student and faculty participation in the completion of academic assignments within a specific timeframe, and providing them with tools to help them perform their tasks effectively.', 'Agile', '{\"Platform\": [\"Web\"], \"Databases\": [\"MySQL\"], \"Languages\": [\"PHP\"]}', '', '', '2025-04-21 11:23:14', '2025-04-21 11:23:14'),
(59, 2, 'مشروع نظام إدارة المقترحات', '', '', 'mindmaps/VVQuHESFoPbMjFHj7Z0MvJQld5HPLx3tXnD0TZik.png', '', 'Agile', '{\"Platform\": [\"Web\"], \"Databases\": [\"MySQL\"], \"Languages\": [\"PHP\"]}', '', '', '2025-04-21 12:03:20', '2025-04-21 12:03:20'),
(60, 2, 'مشروع نظام إدارة المقترحات', 'خطأ أثناء الاتصال بـ OpenAI', 'خطأ أثناء الاتصال بـ OpenAI', 'mindmaps/e77IsxDeO5jk84I7pNXi0F9taDRB1ef24Vb82Ilx.png', 'خطأ أثناء الاتصال بـ OpenAI', 'Agile', '{\"Platform\": [\"Web\"], \"Databases\": [\"MySQL\"], \"Languages\": [\"PHP\"]}', 'خطأ أثناء الاتصال بـ OpenAI', 'خطأ أثناء الاتصال بـ OpenAI', '2025-04-22 05:47:55', '2025-04-22 05:47:55'),
(61, 2, 'مشروع نظام إدارة المقترحات', 'خطأ أثناء الاتصال بـ OpenAI', 'خطأ أثناء الاتصال بـ OpenAI', 'mindmaps/l6JZ3RbO65OXnDsxVrPGsah5SmKyvMyompscLAIJ.png', 'خطأ أثناء الاتصال بـ OpenAI', 'Agile', '{\"Platform\": [\"Web\"], \"Databases\": [\"MySQL\"], \"Languages\": [\"PHP\"]}', 'خطأ أثناء الاتصال بـ OpenAI', 'خطأ أثناء الاتصال بـ OpenAI', '2025-04-22 05:52:54', '2025-04-22 05:52:54'),
(62, 2, 'مشروع نظام إدارة المقترحات', '', '', 'mindmaps/qRfDmUNFyMdgyKppMy1T99cdgc1OV7qp68z6bwZR.png', '', 'Agile', '{\"Platform\": [\"Web\"], \"Databases\": [\"MySQL\"], \"Languages\": [\"PHP\"]}', '', '', '2025-04-22 06:41:33', '2025-04-22 06:41:33'),
(63, 2, 'مشروع نظام إدارة المقترحات', 'تمثل المشاريع الأكاديمية جزءا مهما من التعليم العالي , حيث تتيح للطلاب تطبيق المعرفة وتطوير ‏المهارات البحثية ‏', 'النطاق\nمن خلال البحث حول آلية إدارة جامعة الشام الخاصة لمشاريع الطلاب الأكاديمية، يتبين أن ‏الجامعة لا تملك نظاماً إلكترونياً لإدارة المشاريع، وتعتمد بدلاً من ذلك على وسائل التواصل مثل ‏واتساب وتلغرام، ‏', 'mindmaps/MI8JUzZQz6YAbk2fPcXEsoOpJB8YwBijnt9K11Ie.png', 'نظام إدارة المشاريع الأكاديمية بجامعة الشام الخاصة، يهدف إلى توفير أدوات متكاملة تساعد ‏الطلاب والمشرفين في متابعة المراحل الزمنية', 'Agile', '{\"Platform\": [\"Web\"], \"Databases\": [\"MySQL\"], \"Languages\": [\"PHP\"]}', '‏. إنشاء حساب‏\n‏2. تسجيل دخول‏\n‏3. إتاحة للمستخدم بتعديل معلومات حسابه الشخصية‏\n‏4. تخصيص صلاحيات لكل نوع حساب‏\n‏5. تقسيم المشروع لمراحل متعددة‏\n‏6. تحديد مواعيد نهائية لكل مرحلة من المشرف‏\n‏7. تقييم كل مرحلة من المشرف مع إمكانية إضافة ملاحظات للطلاب‏\n‏8. لوحة تحكم تحوي إحصائيات ورسومات بيانية توضح عدد المشاريع والمشاريع المكتملة ونسبة ‏الإنجاز\n‏9. إشعارات تنبيهية‏\n‏10. واجهة لمواعيد المناقشات المرحلية والنهائية‏\n‏11. تقارير عن رضا الطلاب والمشرفين‏\n‏12. اتاحة لقائد الفريق ميزة توزيع المهام‏\n‏13. نظام رسائل\n‏14. إتاحة لقائد الفريق جدولة الاجتماعات مع المشرفين‏\n‏15. لوحة شرف‏\n‏16. واجهة لعرض المشاريع المميزة‏\n‏17. تقييم الطلاب لبعضهم بطريقة سرية ومعايير محددة‏\n‏18. إدارة عمليات موافقة إلكترونية على الانتقال بين مراحل المشروع‏\n‏19. نظام توصية لمساعدة الطلاب في العثور على أعضاء فرق مناسبين\n‏20. مكتبة تحتوي على أدوات ومراجع ومقالات مع ميزة بحث\n‏21. تمكين منسق المشاريع من إدارة المكتبة‏\n‏22. إعدادات خصوصية ومرونة في الوصول لمشروع كل فريق‏\n‏23. السماح للطلاب السابقين بإرشاد الطلاب الحاليين‏\n‏24. مساحة للبحث عن شركاء مشاريع‏', '‏١. الأمن والحماية ‏\n‏٢.واجهات سهلة الاستخدام', '2025-04-22 07:51:07', '2025-04-22 07:51:07'),
(64, 2, 'مشروع نظام إدارة المقترحات', 'تمثل المشاريع الأكاديمية جزءا مهما من التعليم العالي , حيث تتيح للطلاب تطبيق المعرفة وتطوير ‏المهارات البحثية .‏\nلكن تبرز العديد من التحديات التي تستدعي نظاما لإدارة هذه المشاريع بكفاءة .‏\nأحد التحديات هو متابعة تقدم المشروع وتقييم الأداء في كل مرحلة , مما يجعل مراقبة التزام الفرق ‏بالخطة الزمنية أمرا  صعبا .‏\nكذلك يؤدي غياب منصة موحدة للتواصل إلى صعوبات في تنظيم المناقشات وتوززيع المهام بين ‏أعضاء الفريق والمشرفين .‏\nيضاف إلى ذلك نقص الموارد التعليمية المتاحة , مما يعوق وصول الطلاب إلى الأدوات والمراجع ‏اللازمة.‏\nكما توجد حاجة إلى نظام لتقييم الأعضاء سريا , وآلية  إدارية للموافقات الإلكترونية , مع إرشاد من ‏الأكاديميين وذوي الخبرة و الطلاب السابقين لتوجيه الطلاب الجدد.‏\nكما أن غياب أداة توصية يمكن أن يُعيق الفرق في اختيار الأعضاء الملائمين، حيث يمكن لنظام ‏التوصية دعم الطلاب باقتراح زملاء لديهم المهارات المناسبة للانضمام إلى مشاريعهم.‏\nلكن تبرز العديد من التحديات التي تستدعي نظاما لإدارة هذه المشاريع بكفاءة .‏', 'النطاق\nمن خلال البحث حول آلية إدارة جامعة الشام الخاصة لمشاريع الطلاب الأكاديمية، يتبين أن ‏الجامعة لا تملك نظاماً إلكترونياً لإدارة المشاريع، وتعتمد بدلاً من ذلك على وسائل التواصل مثل ‏واتساب وتلغرام، إلى جانب المقابلات الواقعية، لمتابعة الطلاب وإدارة مشاريعهم. هذه الطرق تفتقر ‏إلى الكثير من الخصائص التي تتيح الإدارة الفعالة والمنهجية للمشاريع، وهو ما يسبب العديد من ‏المشكلات، منها:‏\n\n‏-‏	صعوبة تنظيم المراحل الزمنية للمشاريع: تعاني الجامعة من عدم وجود تقسيم منظم ‏لمراحل المشاريع مع مواعيد نهائية واضحة، مما يجعل المتابعة والتقييم الدوري أصعب. ‏كما أن غياب التنبيهات الرقمية يؤدي إلى التأخر في تسليم المراحل بسبب الاعتماد على ‏التواصل الفردي والواقعي، وهذا يؤثر على تقدم المشاريع.‏\n‏-‏	غياب أدوات المتابعة والتحليل: باستخدام وسائل التواصل التقليدية، يصبح من الصعب ‏تتبع إحصائيات المشاريع ونسبة الإنجاز وعدد المشاريع المكتملة. كما لا توجد واجهة ‏لمواعيد المناقشات أو نظام لتقديم تقارير رضا الطلاب والمشرفين، مما يؤثر على تقييم ‏العملية التعليمية بصورة شاملة.‏\n\n‏-‏	التحديات في إدارة فرق العمل وتوزيع المهام: يواجه قائد الفريق صعوبة في توزيع المهام ‏وجدولة الاجتماعات بشكل منظم مع المشرفين. ‏\n\n‏-‏	غياب مكتبة موارد منظمة: الطلاب يحتاجون لمكتبة تتضمن مراجع وأدوات علمية تدعم ‏مشاريعهم، مع ميزة البحث السريع عن المعلومات. كما يفتقرون إلى مرونة الوصول لموارد ‏معرفية منسقة، حيث أن الاعتماد على التواصل التقليدي لا يوفر تلك الإمكانية.‏\n\n\n‏-‏	ضعف الخصوصية والتنظيم في الوصول إلى المشاريع: تعاني الفرق من عدم وجود إعدادات ‏خصوصية كافية أو مرونة للوصول إلى مشاريعهم بطريقة متقدمة، وهذا يؤثر على سرية ‏وخصوصية المشاريع. ‏\n\n‏-‏	عدم وجود دعم وإرشاد من الأكاديميين وذوي الخبرة والطلاب السابقين: يفتقر النظام ‏التقليدي إلى وسيلة لربط الطلاب الحاليين بالأكاديميين والطلاب السابقين للاستفادة من ‏خبراتهم، مما يُحرم الطلاب من تبادل الخبرات وتعزيز بيئة أكاديمية مساندة.‏\n\n‏-‏	التحديات التي يواجهها الطلاب عند تشكيل فرق عمل مناسبة. يفتقر الطلاب عادة إلى ‏المعرفة الكافية بمستويات المهارات المختلفة لزملائهم وقدراتهم في مجالات محددة، مما قد ‏يؤدي إلى تشكيل فرق غير متجانسة أو تفتقر للتكامل في الخبرات‎.‎\n\n\nإن تطوير نظام إلكتروني لإدارة المشاريع الأكاديمية سيساعد في تحسين إدارة المشاريع ويحل ‏المشكلات الحالية، ويوفر للطلاب والمشرفين بيئة تفاعلية ومنظمة ترفع من كفاءة العمل الأكاديمي.‏', 'mindmaps/nqMgsh09f2JiyL9338HFpFXO8ia3sCusezKXjya3.png', 'نظام إدارة المشاريع الأكاديمية بجامعة الشام الخاصة، يهدف إلى توفير أدوات متكاملة تساعد ‏الطلاب والمشرفين في متابعة المراحل الزمنية، والتحليل، وتوزيع المهام، وعرض المشاريع ‏المتميزة. يشمل النظام مكتبة موارد تدعم تنفيذ المشاريع وتخصيص إعدادات خصوصية لكل ‏فريق، مما يعزز من سرية المشاريع. كما يتيح التواصل بين الطلاب الجدد والطلاب السابقين لتبادل ‏الخبرات، متجاوزاً الاعتماد على التواصل غير الرسمي ويقدم تجربة أكاديمية منظمة وفعالة‎. ‎‏ كما ‏يشمل النظام المقترح نظام توصية لمساعدة الطلاب في اختيار فرقهم حيث يقدم اقتراحات لأعضاء ‏الفريق بناءً على المهارات والتخصصات واهتمامات المشروع، مما يسهم في تشكيل فرق متوازنة ‏وفعّالة ويعزز من فرص نجاح المشاريع الأكاديمية‎.‎', 'Agile', '{\"Platform\": [\"Web\"], \"Databases\": [\"MySQL\"], \"Languages\": [\"PHP\"]}', '‏. إنشاء حساب‏\n‏2. تسجيل دخول‏\n‏3. إتاحة للمستخدم بتعديل معلومات حسابه الشخصية‏\n‏4. تخصيص صلاحيات لكل نوع حساب‏\n‏5. تقسيم المشروع لمراحل متعددة‏\n‏6. تحديد مواعيد نهائية لكل مرحلة من المشرف‏\n‏7. تقييم كل مرحلة من المشرف مع إمكانية إضافة ملاحظات للطلاب‏\n‏8. لوحة تحكم تحوي إحصائيات ورسومات بيانية توضح عدد المشاريع والمشاريع المكتملة ونسبة ‏الإنجاز\n‏9. إشعارات تنبيهية‏\n‏10. واجهة لمواعيد المناقشات المرحلية والنهائية‏\n‏11. تقارير عن رضا الطلاب والمشرفين‏\n‏12. اتاحة لقائد الفريق ميزة توزيع المهام‏\n‏13. نظام رسائل\n‏14. إتاحة لقائد الفريق جدولة الاجتماعات مع المشرفين‏\n‏15. لوحة شرف‏\n‏16. واجهة لعرض المشاريع المميزة‏\n‏17. تقييم الطلاب لبعضهم بطريقة سرية ومعايير محددة‏\n‏18. إدارة عمليات موافقة إلكترونية على الانتقال بين مراحل المشروع‏\n‏19. نظام توصية لمساعدة الطلاب في العثور على أعضاء فرق مناسبين\n‏20. مكتبة تحتوي على أدوات ومراجع ومقالات مع ميزة بحث\n‏21. تمكين منسق المشاريع من إدارة المكتبة‏\n‏22. إعدادات خصوصية ومرونة في الوصول لمشروع كل فريق‏\n‏23. السماح للطلاب السابقين بإرشاد الطلاب الحاليين‏\n‏24. مساحة للبحث عن شركاء مشاريع‏', '‏١. الأمن والحماية ‏\n‏٢.واجهات سهلة الاستخدام', '2025-05-01 08:14:29', '2025-05-01 08:14:29'),
(65, 2, 'نظام إدارة المشاريع الأكاديمية لجامعة الشام', 'تمثل المشاريع الأكاديمية جزءًا مهمًا من التعليم العالي، لكن تبرز العديد من التحديات التي تستدعي نظامًا لإدارة هذه المشاريع بكفاءة. أحد التحديات هو متابعة تقدم المشروع وتقييم الأداء في كل مرحلة، مما يجعل مراقبة التزام الفرق بالخطة الزمنية أمرًا صعبًا.', 'من خلال البحث حول آلية إدارة جامعة الشام الخاصة لمشاريع الطلاب الأكاديمية، يتبين أن الجامعة لا تملك نظامًا إلكترونيًا لإدارة المشاريع، وتعتمد بدلاً من ذلك على وسائل التواصل مثل واتساب وتلغرام، إلى جانب المقابلات الواقعية، لمتابعة الطلاب وإدارة مشاريعهم.', NULL, 'تطوير نظام إلكتروني لإدارة المشاريع الأكاديمية سيساعد في تحسين إدارة المشاريع ويحل المشكلات الحالية، ويوفر للطلاب والمشرفين بيئة تفاعلية ومنظمة ترفع من كفاءة العمل الأكاديمي.', 'Agile', '[\"Laravel\", \"Vue.js\", \"MySQL\"]', '1. نظام لإدارة مراحل المشروع 2. أدوات لمتابعة التقدم 3. مكتبة موارد 4. نظام توصية لأعضاء الفريق', '1. واجهة سهلة الاستخدام 2. أداء عالي 3. أمان البيانات 4. توافق مع الأجهزة المختلفة', '2025-05-01 08:28:24', '2025-05-01 08:28:24'),
(66, 2, 'نظام إدارة المشاريع الأكاديمية لجامعة الشام', 'يعد العمل في المشاريع الأكاديمية أمرا هاما بالنسبة للكثيرين.', 'أعلنت جامعة الشام السورية عن إنشاء شركة مشتركة مع جامعة الشام، تهدف إلى تطوير برامج علمية.', NULL, 'طورت جامعة جامعة سان فرانسيسكو الأمريكية نظاما إلكترونيا لإدارة المشاريع الأكاديمية.', 'Agile', '[\"Laravel\", \"Vue.js\", \"MySQL\"]', 'أعلن رئيس مجلس إدارة مؤسسة \"أوند\"، عبد المجيد عبد العزيز، عن مشروعه لمشروع مشروع مشروع مشروع مشروع مشروع مشروع مركز الإبداع الاقتصادي.', 'كشف عملاق الهواتف الذكية، أبل، النقاب عن هاتفه الذكي الجديد \"آيفون 5\"', '2025-05-01 08:33:38', '2025-05-01 08:33:38'),
(67, 2, 'نظام إدارة المشاريع الأكاديمية لجامعة الشام', 'تمثل المشاريع الأكاديمية جزءًا مهمًا من التعليم العالي، لكن تبرز العديد من التحديات التي تستدعي نظامًا لإدارة هذه المشاريع بكفاءة. أحد التحديات هو متابعة تقدم المشروع وتقييم الأداء في كل مرحلة، مما يجعل مراقبة التزام الفرق بالخطة الزمنية أمرًا صعبًا.', 'من خلال البحث حول آلية إدارة جامعة الشام الخاصة لمشاريع الطلاب الأكاديمية، يتبين أن الجامعة لا تملك نظامًا إلكترونيًا لإدارة المشاريع، وتعتمد بدلاً من ذلك على وسائل التواصل مثل واتساب وتلغرام، إلى جانب المقابلات الواقعية، لمتابعة الطلاب وإدارة مشاريعهم.', NULL, 'تطوير نظام إلكتروني لإدارة المشاريع الأكاديمية سيساعد في تحسين إدارة المشاريع ويحل المشكلات الحالية، ويوفر للطلاب والمشرفين بيئة تفاعلية ومنظمة ترفع من كفاءة العمل الأكاديمي.', 'Agile', '[\"Laravel\", \"Vue.js\", \"MySQL\"]', '1. نظام لإدارة مراحل المشروع 2. أدوات لمتابعة التقدم 3. مكتبة موارد 4. نظام توصية لأعضاء الفريق', 'كشف عملاق الهواتف الذكية، أبل، النقاب عن هاتفه الذكي الجديد \"آيفون 5\"', '2025-05-01 09:52:44', '2025-05-01 09:52:44'),
(68, 2, 'نظام إدارة المشاريع الأكاديمية لجامعة الشام', 'يعد العمل في المشاريع الأكاديمية أمرا هاما بالنسبة للكثيرين.', 'أعلنت جامعة الشام السورية عن إنشاء شركة مشتركة مع جامعة الشام، تهدف إلى تطوير برامج علمية.', NULL, 'طورت جامعة جامعة سان فرانسيسكو الأمريكية نظاما إلكترونيا لإدارة المشاريع الأكاديمية.', 'Agile', '[\"Laravel\", \"Vue.js\", \"MySQL\"]', 'أعلن رئيس مجلس إدارة مؤسسة \"أوند\"، عبد المجيد عبد العزيز، عن مشروعه لمشروع مشروع مشروع مشروع مشروع مشروع مشروع مركز الإبداع الاقتصادي.', 'كشف عملاق الهواتف الذكية، أبل، النقاب عن هاتفه الذكي الجديد \"آيفون 5\"', '2025-05-01 09:52:48', '2025-05-01 09:52:48'),
(69, 2, 'نظام إدارة المشاريع الأكاديمية لجامعة الشام', 'يعد العمل في المشاريع الأكاديمية أمرا هاما بالنسبة للكثيرين.', 'أعلنت جامعة الشام السورية عن إنشاء شركة مشتركة مع جامعة الشام، تهدف إلى تطوير برامج علمية.', NULL, 'طورت جامعة جامعة سان فرانسيسكو الأمريكية نظاما إلكترونيا لإدارة المشاريع الأكاديمية.', 'Agile', '[\"Laravel\", \"Vue.js\", \"MySQL\"]', 'أعلن رئيس مجلس إدارة مؤسسة \"أوند\"، عبد المجيد عبد العزيز، عن مشروعه لمشروع مشروع مشروع مشروع مشروع مشروع مشروع مركز الإبداع الاقتصادي.', 'كشف عملاق الهواتف الذكية، أبل، النقاب عن هاتفه الذكي الجديد \"آيفون 5\"', '2025-05-01 10:03:32', '2025-05-01 10:03:32'),
(70, 2, 'نظام إدارة المشاريع الأكاديمية لجامعة الشام', 'تمثل المشاريع الأكاديمية جزءًا مهمًا من التعليم العالي، لكن تبرز العديد من التحديات التي تستدعي نظامًا لإدارة هذه المشاريع بكفاءة. أحد التحديات هو متابعة تقدم المشروع وتقييم الأداء في كل مرحلة، مما يجعل مراقبة التزام الفرق بالخطة الزمنية أمرًا صعبًا.', 'من خلال البحث حول آلية إدارة جامعة الشام الخاصة لمشاريع الطلاب الأكاديمية، يتبين أن الجامعة لا تملك نظامًا إلكترونيًا لإدارة المشاريع، وتعتمد بدلاً من ذلك على وسائل التواصل مثل واتساب وتلغرام، إلى جانب المقابلات الواقعية، لمتابعة الطلاب وإدارة مشاريعهم.', NULL, 'تطوير نظام إلكتروني لإدارة المشاريع الأكاديمية سيساعد في تحسين إدارة المشاريع ويحل المشكلات الحالية، ويوفر للطلاب والمشرفين بيئة تفاعلية ومنظمة ترفع من كفاءة العمل الأكاديمي.', 'Agile', '[\"Laravel\", \"Vue.js\", \"MySQL\"]', '1. نظام لإدارة مراحل المشروع 2. أدوات لمتابعة التقدم 3. مكتبة موارد 4. نظام توصية لأعضاء الفريق', '1. واجهة سهلة الاستخدام 2. أداء عالي 3. أمان البيانات 4. توافق مع الأجهزة المختلفة', '2025-05-01 10:21:51', '2025-05-01 10:21:51'),
(71, 2, 'نظام إدارة المشاريع الأكاديمية لجامعة الشام', 'تعرف علي تحديات', 'ابحث عن نظام اداره جامعه شام', NULL, 'طور نظام الكترونيا ل اداره مشاريع', 'Agile', '[\"Laravel\", \"Vue.js\", \"MySQL\"]', 'نظام اجراءات مشروع', 'اعدادات جهاز', '2025-05-01 10:22:50', '2025-05-01 10:22:50'),
(72, 2, 'نظام إدارة المشاريع الأكاديمية لجامعة الشام', 'تمثل المشاريع الأكاديمية جزءًا مهمًا من التعليم العالي، لكن تبرز العديد من التحديات التي تستدعي نظامًا لإدارة هذه المشاريع بكفاءة. أحد التحديات هو متابعة تقدم المشروع وتقييم الأداء في كل مرحلة، مما يجعل مراقبة التزام الفرق بالخطة الزمنية أمرًا صعبًا.', 'من خلال البحث حول آلية إدارة جامعة الشام الخاصة لمشاريع الطلاب الأكاديمية، يتبين أن الجامعة لا تملك نظامًا إلكترونيًا لإدارة المشاريع، وتعتمد بدلاً من ذلك على وسائل التواصل مثل واتساب وتلغرام، إلى جانب المقابلات الواقعية، لمتابعة الطلاب وإدارة مشاريعهم.', NULL, 'تطوير نظام إلكتروني لإدارة المشاريع الأكاديمية سيساعد في تحسين إدارة المشاريع ويحل المشكلات الحالية، ويوفر للطلاب والمشرفين بيئة تفاعلية ومنظمة ترفع من كفاءة العمل الأكاديمي.', 'Agile', '[\"Laravel\", \"Vue.js\", \"MySQL\"]', '1. نظام لإدارة مراحل المشروع 2. أدوات لمتابعة التقدم 3. مكتبة موارد 4. نظام توصية لأعضاء الفريق', '1. واجهة سهلة الاستخدام 2. أداء عالي 3. أمان البيانات 4. توافق مع الأجهزة المختلفة', '2025-05-01 10:28:28', '2025-05-01 10:28:28'),
(73, 2, 'نظام إدارة المشاريع الأكاديمية لجامعة الشام', 'تمثل المشاريع الأكاديمية جزءًا مهمًا من التعليم العالي، لكن تبرز العديد من التحديات التي تستدعي نظامًا لإدارة هذه المشاريع بكفاءة. أحد التحديات هو متابعة تقدم المشروع وتقييم الأداء في كل مرحلة، مما يجعل مراقبة التزام الفرق بالخطة الزمنية أمرًا صعبًا.', 'من خلال البحث حول آلية إدارة جامعة الشام الخاصة لمشاريع الطلاب الأكاديمية، يتبين أن الجامعة لا تملك نظامًا إلكترونيًا لإدارة المشاريع، وتعتمد بدلاً من ذلك على وسائل التواصل مثل واتساب وتلغرام، إلى جانب المقابلات الواقعية، لمتابعة الطلاب وإدارة مشاريعهم.', NULL, 'تطوير نظام إلكتروني لإدارة المشاريع الأكاديمية سيساعد في تحسين إدارة المشاريع ويحل المشكلات الحالية، ويوفر للطلاب والمشرفين بيئة تفاعلية ومنظمة ترفع من كفاءة العمل الأكاديمي.', 'Agile', '[\"Laravel\", \"Vue.js\", \"MySQL\"]', '1. نظام لإدارة مراحل المشروع 2. أدوات لمتابعة التقدم 3. مكتبة موارد 4. نظام توصية لأعضاء الفريق', '1. واجهة سهلة الاستخدام 2. أداء عالي 3. أمان البيانات 4. توافق مع الأجهزة المختلفة', '2025-05-01 10:28:38', '2025-05-01 10:28:38'),
(74, 2, 'نظام إدارة المشاريع الأكاديمية لجامعة الشام', 'تمثل المشاريع الأكاديمية جزءًا مهمًا من التعليم العالي، لكن تبرز العديد من التحديات التي تستدعي نظامًا لإدارة هذه المشاريع بكفاءة. أحد التحديات هو متابعة تقدم المشروع وتقييم الأداء في كل مرحلة، مما يجعل مراقبة التزام الفرق بالخطة الزمنية أمرًا صعبًا.', 'من خلال البحث حول آلية إدارة جامعة الشام الخاصة لمشاريع الطلاب الأكاديمية، يتبين أن الجامعة لا تملك نظامًا إلكترونيًا لإدارة المشاريع، وتعتمد بدلاً من ذلك على وسائل التواصل مثل واتساب وتلغرام، إلى جانب المقابلات الواقعية، لمتابعة الطلاب وإدارة مشاريعهم.', NULL, 'تطوير نظام إلكتروني لإدارة المشاريع الأكاديمية سيساعد في تحسين إدارة المشاريع ويحل المشكلات الحالية، ويوفر للطلاب والمشرفين بيئة تفاعلية ومنظمة ترفع من كفاءة العمل الأكاديمي.', 'Agile', '[\"Laravel\", \"Vue.js\", \"MySQL\"]', '1. نظام لإدارة مراحل المشروع 2. أدوات لمتابعة التقدم 3. مكتبة موارد 4. نظام توصية لأعضاء الفريق', '1. واجهة سهلة الاستخدام 2. أداء عالي 3. أمان البيانات 4. توافق مع الأجهزة المختلفة', '2025-05-01 10:28:46', '2025-05-01 10:28:46'),
(75, 2, 'نظام إدارة المشاريع الأكاديمية لجامعة الشام', 'تمثل المشاريع الأكاديمية جزءًا مهمًا من التعليم العالي، لكن تبرز العديد من التحديات التي تستدعي نظامًا لإدارة هذه المشاريع بكفاءة. أحد التحديات هو متابعة تقدم المشروع وتقييم الأداء في كل مرحلة، مما يجعل مراقبة التزام الفرق بالخطة الزمنية أمرًا صعبًا.', 'من خلال البحث حول آلية إدارة جامعة الشام الخاصة لمشاريع الطلاب الأكاديمية، يتبين أن الجامعة لا تملك نظامًا إلكترونيًا لإدارة المشاريع، وتعتمد بدلاً من ذلك على وسائل التواصل مثل واتساب وتلغرام، إلى جانب المقابلات الواقعية، لمتابعة الطلاب وإدارة مشاريعهم.', NULL, 'تطوير نظام إلكتروني لإدارة المشاريع الأكاديمية سيساعد في تحسين إدارة المشاريع ويحل المشكلات الحالية، ويوفر للطلاب والمشرفين بيئة تفاعلية ومنظمة ترفع من كفاءة العمل الأكاديمي.', 'Agile', '[\"Laravel\", \"Vue.js\", \"MySQL\"]', '1. نظام لإدارة مراحل المشروع 2. أدوات لمتابعة التقدم 3. مكتبة موارد 4. نظام توصية لأعضاء الفريق', '1. واجهة سهلة الاستخدام 2. أداء عالي 3. أمان البيانات 4. توافق مع الأجهزة المختلفة', '2025-05-01 10:29:00', '2025-05-01 10:29:00'),
(76, 2, 'نظام إدارة المشاريع الأكاديمية لجامعة الشام', '    ‘’ ’ ‘”’  ’’ ’\'’, ‘, ””, “”. ‘. ’ ”,  ”.’. “.  ”,. “ “’\"” ‚”: “I’m sorry. I’ve got to go.” “It’s time to go,” she said.', 'The following is a modified version of an earlier version of this article. It was originally published in The Daily Mail. We are happy to clarify that it is not the same thing as saying that the word “marijuana’s” originates in the U.S.', NULL, '‘’’ ‘”’  “” is a term used to refer to a group of people who have been involved in a dispute over the use of the word ‘fraud’ in the media’. The term is used to describe people who are involved in the dispute over whether or not they are guilty of a crime.', 'Agile', '[\"Laravel\", \"Vue.js\", \"MySQL\"]', '1.  ‘’’. ‘”’, ””, “” and ”\"”. 2. ”.   , ‚ ‚. “,” ”, “.” 3. •  “. . .” 4. ’”,.  \' .’\'’ ”\'”', '1.  ‘’’ ‘”’. “”. ”” ”,”, “,’, ” and ”. 1.  ”,. “ ““, ”; “. ‚”: “; ”: ‚’: ”;   :  ,  :“;” : “\"; ’; ‚:”-“.” ; “', '2025-05-01 10:32:27', '2025-05-01 10:32:27'),
(77, 2, 'نظام إدارة المشاريع الأكاديمية لجامعة الشام', 'تمثل المشاريع الأكاديمية جزءًا مهمًا من التعليم العالي، لكن تبرز العديد من التحديات التي تستدعي نظامًا لإدارة هذه المشاريع بكفاءة. أحد التحديات هو متابعة تقدم المشروع وتقييم الأداء في كل مرحلة، مما يجعل مراقبة التزام الفرق بالخطة الزمنية أمرًا صعبًا.', 'من خلال البحث حول آلية إدارة جامعة الشام الخاصة لمشاريع الطلاب الأكاديمية، يتبين أن الجامعة لا تملك نظامًا إلكترونيًا لإدارة المشاريع، وتعتمد بدلاً من ذلك على وسائل التواصل مثل واتساب وتلغرام، إلى جانب المقابلات الواقعية، لمتابعة الطلاب وإدارة مشاريعهم.', NULL, 'تطوير نظام إلكتروني لإدارة المشاريع الأكاديمية سيساعد في تحسين إدارة المشاريع ويحل المشكلات الحالية، ويوفر للطلاب والمشرفين بيئة تفاعلية ومنظمة ترفع من كفاءة العمل الأكاديمي.', 'Agile', '[\"Laravel\", \"Vue.js\", \"MySQL\"]', '1. نظام لإدارة مراحل المشروع 2. أدوات لمتابعة التقدم 3. مكتبة موارد 4. نظام توصية لأعضاء الفريق', '1. واجهة سهلة الاستخدام 2. أداء عالي 3. أمان البيانات 4. توافق مع الأجهزة المختلفة', '2025-05-01 10:35:54', '2025-05-01 10:35:54'),
(78, 2, 'نظام إدارة المشاريع الأكاديمية لجامعة الشام', 'تمثل المشاريع الأكاديمية جزءًا مهمًا من التعليم العالي، لكن تبرز العديد من التحديات التي تستدعي نظامًا لإدارة هذه المشاريع بكفاءة. أحد التحديات هو متابعة تقدم المشروع وتقييم الأداء في كل مرحلة، مما يجعل مراقبة التزام الفرق بالخطة الزمنية أمرًا صعبًا.', 'من خلال البحث حول آلية إدارة جامعة الشام الخاصة لمشاريع الطلاب الأكاديمية، يتبين أن الجامعة لا تملك نظامًا إلكترونيًا لإدارة المشاريع، وتعتمد بدلاً من ذلك على وسائل التواصل مثل واتساب وتلغرام، إلى جانب المقابلات الواقعية، لمتابعة الطلاب وإدارة مشاريعهم.', NULL, 'تطوير نظام إلكتروني لإدارة المشاريع الأكاديمية سيساعد في تحسين إدارة المشاريع ويحل المشكلات الحالية، ويوفر للطلاب والمشرفين بيئة تفاعلية ومنظمة ترفع من كفاءة العمل الأكاديمي.', 'Agile', '[\"Laravel\", \"Vue.js\", \"MySQL\"]', '1. نظام لإدارة مراحل المشروع 2. أدوات لمتابعة التقدم 3. مكتبة موارد 4. نظام توصية لأعضاء الفريق', '1. واجهة سهلة الاستخدام 2. أداء عالي 3. أمان البيانات 4. توافق مع الأجهزة المختلفة', '2025-05-01 10:36:02', '2025-05-01 10:36:02'),
(79, 2, 'نظام إدارة المشاريع الأكاديمية لجامعة الشام', 'تمثل المشاريع الأكاديمية جزءًا مهمًا من التعليم العالي، لكن تبرز العديد من التحديات التي تستدعي نظامًا لإدارة هذه المشاريع بكفاءة. أحد التحديات هو متابعة تقدم المشروع وتقييم الأداء في كل مرحلة، مما يجعل مراقبة التزام الفرق بالخطة الزمنية أمرًا صعبًا.', 'من خلال البحث حول آلية إدارة جامعة الشام الخاصة لمشاريع الطلاب الأكاديمية، يتبين أن الجامعة لا تملك نظامًا إلكترونيًا لإدارة المشاريع، وتعتمد بدلاً من ذلك على وسائل التواصل مثل واتساب وتلغرام، إلى جانب المقابلات الواقعية، لمتابعة الطلاب وإدارة مشاريعهم.', NULL, 'تطوير نظام إلكتروني لإدارة المشاريع الأكاديمية سيساعد في تحسين إدارة المشاريع ويحل المشكلات الحالية، ويوفر للطلاب والمشرفين بيئة تفاعلية ومنظمة ترفع من كفاءة العمل الأكاديمي.', 'Agile', '[\"Laravel\", \"Vue.js\", \"MySQL\"]', 'أكثر من ثلاثة آلاف مشروع يهدف إلى إنشاء نظام لإدارة مراحل المشروع.', 'واجهة سهلة الاستخدام', '2025-05-01 10:36:14', '2025-05-01 10:36:14'),
(80, 2, 'نظام إدارة المشاريع الأكاديمية لجامعة الشام', 'تواجه الجامعات العربية عمومًا وجامعة الشام خصوصًا تحديات كبيرة في إدارة المشاريع الأكاديمية للطلاب. تعتمد حاليًا على أنظمة تقليدية غير متكاملة تسبب العديد من المشكلات العملية. أولاً، يتم متابعة تقدم المشاريع يدويًا عبر اجتماعات أسبوعية مع المشرفين، مما يستنزف وقتًا كبيرًا من الطرفين. ثانيًا، تفتقد الجامعة إلى نظام مركزي لتخزين الوثائق والمستندات البحثية، مما يؤدي إلى تضييع الجهود المكرسة. ثالثًا، يعاني الطلاب من صعوبة في تكوين فرق عمل متجانسة بسبب عدم وجود بيانات عن مهارات زملائهم. رابعًا، يتم تقييم المشاريع بطريقة غير منهجية تعتمد على آراء شخصية أكثر من معايير موضوعية. أخيرًا، لا يوجد أرشيف رقمي للمشاريع السابقة يمكن الاستفادة منه، مما يضيع فرص البناء على المعرفة المتراكمة.', 'من خلال البحث حول آلية إدارة جامعة الشام الخاصة لمشاريع الطلاب الأكاديمية، يتبين أن الجامعة لا تملك نظامًا إلكترونيًا لإدارة المشاريع، وتعتمد بدلاً من ذلك على وسائل التواصل مثل واتساب وتلغرام، إلى جانب المقابلات الواقعية، لمتابعة الطلاب وإدارة مشاريعهم.', NULL, 'تطوير نظام إلكتروني لإدارة المشاريع الأكاديمية سيساعد في تحسين إدارة المشاريع ويحل المشكلات الحالية، ويوفر للطلاب والمشرفين بيئة تفاعلية ومنظمة ترفع من كفاءة العمل الأكاديمي.', 'Agile', '[\"Laravel\", \"Vue.js\", \"MySQL\"]', 'أكثر من ثلاثة آلاف مشروع يهدف إلى إنشاء نظام لإدارة مراحل المشروع.', 'واجهة سهلة الاستخدام', '2025-05-01 10:51:07', '2025-05-01 10:51:07'),
(81, 2, 'نظام إدارة المشاريع الأكاديمية لجامعة الشام', 'تواجه الجامعات العربية تحديات كبيرة في إدارة المشاريع الأكاديمية للطلاب.', 'أصبحت جامعة الشام الخاصة لمشاريع الطلاب الأكاديمية في مصر مركزاً رئيسياً للتعليم.', NULL, 'أصبحت إدارة المشاريع الأكاديمية أول مؤسسة إلكترونية في العالم.', 'Agile', '[\"Laravel\", \"Vue.js\", \"MySQL\"]', 'أكثر من ثلاثة آلاف مشروع يهدف إلى إنشاء نظام لإدارة مراحل المشروع.', 'واجهة سهلة الاستخدام', '2025-05-01 10:52:21', '2025-05-01 10:52:21'),
(82, 2, 'نظام إدارة المشاريع الأكاديمية لجامعة الشام', 'تواجه الجامعات العربية تحديات كبيرة في إدارة المشاريع الأكاديمية للطلاب.', 'أصبحت جامعة الشام الخاصة لمشاريع الطلاب الأكاديمية في مصر مركزاً رئيسياً للتعليم.', NULL, 'أصبحت إدارة المشاريع الأكاديمية أول مؤسسة إلكترونية في العالم.', 'Agile', '[\"Laravel\", \"Vue.js\", \"MySQL\"]', 'أكثر من ثلاثة آلاف مشروع يهدف إلى إنشاء نظام لإدارة مراحل المشروع.', 'واجهة سهلة الاستخدام', '2025-05-01 10:52:26', '2025-05-01 10:52:26');

-- --------------------------------------------------------

--
-- Table structure for table `project_stages`
--

CREATE TABLE `project_stages` (
  `id` bigint UNSIGNED NOT NULL,
  `project_id` bigint UNSIGNED NOT NULL,
  `title` varchar(255) COLLATE utf8mb4_unicode_ci NOT NULL,
  `description` text COLLATE utf8mb4_unicode_ci,
  `due_date` date NOT NULL,
  `order` int NOT NULL DEFAULT '0',
  `created_at` timestamp NULL DEFAULT NULL,
  `updated_at` timestamp NULL DEFAULT NULL
) ENGINE=InnoDB DEFAULT CHARSET=utf8mb4 COLLATE=utf8mb4_unicode_ci;

--
-- Dumping data for table `project_stages`
--

INSERT INTO `project_stages` (`id`, `project_id`, `title`, `description`, `due_date`, `order`, `created_at`, `updated_at`) VALUES
(1, 55, 'مرحلة التصميم الأولي', 'تصميم واجهات المستخدم والتخطيط المعماري', '2024-08-15', 2, '2025-05-07 16:24:29', '2025-05-07 16:24:29');

-- --------------------------------------------------------

--
-- Table structure for table `proposal_experts`
--

CREATE TABLE `proposal_experts` (
  `id` bigint UNSIGNED NOT NULL,
  `proposal_id` bigint UNSIGNED NOT NULL,
  `name` varchar(255) COLLATE utf8mb4_unicode_ci NOT NULL,
  `specialization` varchar(255) COLLATE utf8mb4_unicode_ci DEFAULT NULL,
  `phone` varchar(255) COLLATE utf8mb4_unicode_ci DEFAULT NULL
) ENGINE=InnoDB DEFAULT CHARSET=utf8mb4 COLLATE=utf8mb4_unicode_ci;

-- --------------------------------------------------------

--
-- Table structure for table `proposal_supervisors`
--

CREATE TABLE `proposal_supervisors` (
  `id` bigint UNSIGNED NOT NULL,
  `proposal_id` bigint UNSIGNED NOT NULL,
  `supervisor_id` bigint UNSIGNED NOT NULL
) ENGINE=InnoDB DEFAULT CHARSET=utf8mb4 COLLATE=utf8mb4_unicode_ci;

-- --------------------------------------------------------

--
-- Table structure for table `proposal_team_members`
--

CREATE TABLE `proposal_team_members` (
  `id` bigint UNSIGNED NOT NULL,
  `proposal_id` bigint UNSIGNED NOT NULL,
  `student_id` bigint UNSIGNED NOT NULL
) ENGINE=InnoDB DEFAULT CHARSET=utf8mb4 COLLATE=utf8mb4_unicode_ci;

-- --------------------------------------------------------

--
-- Table structure for table `schedules`
--

CREATE TABLE `schedules` (
  `scheduledId` bigint UNSIGNED NOT NULL,
  `date` date NOT NULL,
  `type` enum('مرحلية','تحليلية','نهائية') COLLATE utf8mb4_unicode_ci NOT NULL,
  `created_at` timestamp NULL DEFAULT NULL,
  `updated_at` timestamp NULL DEFAULT NULL
) ENGINE=InnoDB DEFAULT CHARSET=utf8mb4 COLLATE=utf8mb4_unicode_ci;

-- --------------------------------------------------------

--
-- Table structure for table `skills`
--

CREATE TABLE `skills` (
  `id` bigint UNSIGNED NOT NULL,
  `name` varchar(255) COLLATE utf8mb4_unicode_ci NOT NULL,
  `created_at` timestamp NULL DEFAULT NULL,
  `updated_at` timestamp NULL DEFAULT NULL
) ENGINE=InnoDB DEFAULT CHARSET=utf8mb4 COLLATE=utf8mb4_unicode_ci;

--
-- Dumping data for table `skills`
--

INSERT INTO `skills` (`id`, `name`, `created_at`, `updated_at`) VALUES
(1, 'Python', '2025-05-04 15:53:00', '2025-05-04 15:53:00'),
(2, 'Machine Learning', '2025-05-04 15:53:00', '2025-05-04 15:53:00'),
(3, 'Laravel', '2025-05-04 15:53:00', '2025-05-04 15:53:00'),
(4, 'Vue.js', '2025-05-04 15:53:00', '2025-05-04 15:53:00'),
(5, 'React', '2025-05-04 15:53:00', '2025-05-04 15:53:00'),
(6, 'Database Design', '2025-05-04 15:53:00', '2025-05-04 15:53:00'),
(7, 'DevOps', '2025-05-04 15:53:00', '2025-05-04 15:53:00'),
(8, 'UI/UX', '2025-05-04 15:53:00', '2025-05-04 15:53:00'),
(9, 'Python', '2025-05-04 16:35:46', '2025-05-04 16:35:46'),
(10, 'Machine Learning', '2025-05-04 16:35:46', '2025-05-04 16:35:46'),
(11, 'Laravel', '2025-05-04 16:35:46', '2025-05-04 16:35:46'),
(12, 'Vue.js', '2025-05-04 16:35:46', '2025-05-04 16:35:46'),
(13, 'React', '2025-05-04 16:35:46', '2025-05-04 16:35:46'),
(14, 'Database Design', '2025-05-04 16:35:46', '2025-05-04 16:35:46'),
(15, 'DevOps', '2025-05-04 16:35:46', '2025-05-04 16:35:46'),
(16, 'UI/UX', '2025-05-04 16:35:46', '2025-05-04 16:35:46'),
(17, 'Python', '2025-05-04 17:04:47', '2025-05-04 17:04:47'),
(18, 'Machine Learning', '2025-05-04 17:04:47', '2025-05-04 17:04:47'),
(19, 'Laravel', '2025-05-04 17:04:47', '2025-05-04 17:04:47'),
(20, 'Vue.js', '2025-05-04 17:04:47', '2025-05-04 17:04:47'),
(21, 'React', '2025-05-04 17:04:47', '2025-05-04 17:04:47'),
(22, 'Database Design', '2025-05-04 17:04:47', '2025-05-04 17:04:47'),
(23, 'DevOps', '2025-05-04 17:04:47', '2025-05-04 17:04:47'),
(24, 'UI/UX', '2025-05-04 17:04:47', '2025-05-04 17:04:47');

-- --------------------------------------------------------

--
-- Table structure for table `skill_student`
--

CREATE TABLE `skill_student` (
  `id` bigint UNSIGNED NOT NULL,
  `student_id` bigint UNSIGNED NOT NULL,
  `skill_id` bigint UNSIGNED NOT NULL,
  `created_at` timestamp NULL DEFAULT NULL,
  `updated_at` timestamp NULL DEFAULT NULL
) ENGINE=InnoDB DEFAULT CHARSET=utf8mb4 COLLATE=utf8mb4_unicode_ci;

--
-- Dumping data for table `skill_student`
--

INSERT INTO `skill_student` (`id`, `student_id`, `skill_id`, `created_at`, `updated_at`) VALUES
(1, 4, 3, NULL, NULL),
(2, 4, 11, NULL, NULL),
(3, 4, 19, NULL, NULL),
(4, 5, 1, NULL, NULL),
(5, 5, 2, NULL, NULL),
(6, 5, 9, NULL, NULL),
(7, 5, 10, NULL, NULL),
(8, 5, 17, NULL, NULL),
(9, 5, 18, NULL, NULL),
(10, 7, 8, NULL, NULL),
(11, 7, 16, NULL, NULL),
(12, 7, 24, NULL, NULL),
(13, 8, 7, NULL, NULL),
(14, 8, 15, NULL, NULL),
(15, 8, 23, NULL, NULL),
(366, 2, 10, '2025-05-06 15:53:12', '2025-05-06 15:53:12'),
(367, 2, 18, '2025-05-06 15:53:12', '2025-05-06 15:53:12'),
(368, 2, 21, '2025-05-06 15:53:12', '2025-05-06 15:53:12'),
(369, 2, 8, '2025-05-06 15:53:12', '2025-05-06 15:53:12'),
(370, 2, 22, '2025-05-06 15:53:12', '2025-05-06 15:53:12'),
(371, 3, 8, '2025-05-06 15:53:12', '2025-05-06 15:53:12'),
(372, 3, 9, '2025-05-06 15:53:12', '2025-05-06 15:53:12'),
(373, 3, 22, '2025-05-06 15:53:12', '2025-05-06 15:53:12'),
(374, 3, 16, '2025-05-06 15:53:12', '2025-05-06 15:53:12'),
(375, 3, 3, '2025-05-06 15:53:12', '2025-05-06 15:53:12'),
(376, 4, 14, '2025-05-06 15:53:12', '2025-05-06 15:53:12'),
(377, 4, 24, '2025-05-06 15:53:12', '2025-05-06 15:53:12'),
(378, 4, 22, '2025-05-06 15:53:12', '2025-05-06 15:53:12'),
(379, 5, 6, '2025-05-06 15:53:12', '2025-05-06 15:53:12'),
(380, 5, 12, '2025-05-06 15:53:12', '2025-05-06 15:53:12'),
(381, 5, 13, '2025-05-06 15:53:12', '2025-05-06 15:53:12'),
(382, 5, 15, '2025-05-06 15:53:12', '2025-05-06 15:53:12'),
(383, 5, 1, '2025-05-06 15:53:12', '2025-05-06 15:53:12'),
(384, 6, 9, '2025-05-06 15:53:12', '2025-05-06 15:53:12'),
(385, 6, 8, '2025-05-06 15:53:12', '2025-05-06 15:53:12'),
(386, 6, 10, '2025-05-06 15:53:12', '2025-05-06 15:53:12'),
(387, 7, 12, '2025-05-06 15:53:12', '2025-05-06 15:53:12'),
(388, 7, 23, '2025-05-06 15:53:12', '2025-05-06 15:53:12'),
(389, 7, 6, '2025-05-06 15:53:12', '2025-05-06 15:53:12'),
(390, 8, 5, '2025-05-06 15:53:12', '2025-05-06 15:53:12'),
(391, 8, 13, '2025-05-06 15:53:12', '2025-05-06 15:53:12'),
(392, 8, 11, '2025-05-06 15:53:12', '2025-05-06 15:53:12'),
(393, 8, 19, '2025-05-06 15:53:12', '2025-05-06 15:53:12'),
(394, 59, 20, '2025-05-06 15:53:12', '2025-05-06 15:53:12'),
(395, 59, 24, '2025-05-06 15:53:12', '2025-05-06 15:53:12'),
(396, 59, 18, '2025-05-06 15:53:12', '2025-05-06 15:53:12'),
(397, 60, 17, '2025-05-06 15:53:12', '2025-05-06 15:53:12'),
(398, 60, 21, '2025-05-06 15:53:12', '2025-05-06 15:53:12'),
(399, 60, 15, '2025-05-06 15:53:12', '2025-05-06 15:53:12'),
(400, 60, 9, '2025-05-06 15:53:12', '2025-05-06 15:53:12'),
(401, 61, 7, '2025-05-06 15:53:12', '2025-05-06 15:53:12'),
(402, 61, 22, '2025-05-06 15:53:12', '2025-05-06 15:53:12'),
(403, 61, 4, '2025-05-06 15:53:12', '2025-05-06 15:53:12'),
(404, 61, 10, '2025-05-06 15:53:12', '2025-05-06 15:53:12'),
(405, 62, 22, '2025-05-06 15:53:12', '2025-05-06 15:53:12'),
(406, 62, 3, '2025-05-06 15:53:12', '2025-05-06 15:53:12'),
(407, 62, 4, '2025-05-06 15:53:12', '2025-05-06 15:53:12'),
(408, 62, 1, '2025-05-06 15:53:12', '2025-05-06 15:53:12'),
(409, 62, 15, '2025-05-06 15:53:12', '2025-05-06 15:53:12'),
(410, 63, 4, '2025-05-06 15:53:12', '2025-05-06 15:53:12'),
(411, 63, 23, '2025-05-06 15:53:12', '2025-05-06 15:53:12'),
(412, 64, 19, '2025-05-06 15:53:12', '2025-05-06 15:53:12'),
(413, 64, 5, '2025-05-06 15:53:12', '2025-05-06 15:53:12'),
(414, 64, 17, '2025-05-06 15:53:12', '2025-05-06 15:53:12'),
(415, 64, 24, '2025-05-06 15:53:12', '2025-05-06 15:53:12'),
(416, 65, 15, '2025-05-06 15:53:12', '2025-05-06 15:53:12'),
(417, 65, 4, '2025-05-06 15:53:12', '2025-05-06 15:53:12'),
(418, 65, 20, '2025-05-06 15:53:12', '2025-05-06 15:53:12'),
(419, 65, 21, '2025-05-06 15:53:12', '2025-05-06 15:53:12'),
(420, 65, 5, '2025-05-06 15:53:12', '2025-05-06 15:53:12'),
(421, 66, 11, '2025-05-06 15:53:12', '2025-05-06 15:53:12'),
(422, 66, 23, '2025-05-06 15:53:12', '2025-05-06 15:53:12'),
(423, 66, 2, '2025-05-06 15:53:12', '2025-05-06 15:53:12'),
(424, 67, 24, '2025-05-06 15:53:12', '2025-05-06 15:53:12'),
(425, 67, 20, '2025-05-06 15:53:12', '2025-05-06 15:53:12'),
(426, 68, 1, '2025-05-06 15:53:12', '2025-05-06 15:53:12'),
(427, 68, 23, '2025-05-06 15:53:12', '2025-05-06 15:53:12'),
(428, 68, 20, '2025-05-06 15:53:12', '2025-05-06 15:53:12'),
(429, 68, 16, '2025-05-06 15:53:12', '2025-05-06 15:53:12'),
(430, 69, 13, '2025-05-06 15:53:12', '2025-05-06 15:53:12'),
(431, 69, 18, '2025-05-06 15:53:12', '2025-05-06 15:53:12'),
(432, 69, 9, '2025-05-06 15:53:12', '2025-05-06 15:53:12'),
(433, 70, 21, '2025-05-06 15:53:12', '2025-05-06 15:53:12'),
(434, 70, 8, '2025-05-06 15:53:12', '2025-05-06 15:53:12'),
(435, 70, 7, '2025-05-06 15:53:12', '2025-05-06 15:53:12'),
(436, 71, 14, '2025-05-06 15:53:12', '2025-05-06 15:53:12'),
(437, 71, 20, '2025-05-06 15:53:12', '2025-05-06 15:53:12'),
(438, 71, 3, '2025-05-06 15:53:12', '2025-05-06 15:53:12'),
(439, 71, 10, '2025-05-06 15:53:12', '2025-05-06 15:53:12'),
(440, 72, 2, '2025-05-06 15:53:12', '2025-05-06 15:53:12'),
(441, 72, 20, '2025-05-06 15:53:12', '2025-05-06 15:53:12'),
(442, 72, 18, '2025-05-06 15:53:12', '2025-05-06 15:53:12'),
(443, 72, 3, '2025-05-06 15:53:12', '2025-05-06 15:53:12'),
(444, 73, 4, '2025-05-06 15:53:12', '2025-05-06 15:53:12'),
(445, 73, 18, '2025-05-06 15:53:12', '2025-05-06 15:53:12'),
(446, 74, 5, '2025-05-06 15:53:12', '2025-05-06 15:53:12'),
(447, 74, 24, '2025-05-06 15:53:12', '2025-05-06 15:53:12'),
(448, 74, 17, '2025-05-06 15:53:12', '2025-05-06 15:53:12'),
(449, 74, 4, '2025-05-06 15:53:12', '2025-05-06 15:53:12'),
(450, 75, 5, '2025-05-06 15:53:12', '2025-05-06 15:53:12'),
(451, 75, 8, '2025-05-06 15:53:12', '2025-05-06 15:53:12'),
(452, 76, 18, '2025-05-06 15:53:12', '2025-05-06 15:53:12'),
(453, 76, 1, '2025-05-06 15:53:12', '2025-05-06 15:53:12'),
(454, 76, 19, '2025-05-06 15:53:12', '2025-05-06 15:53:12'),
(455, 77, 3, '2025-05-06 15:53:12', '2025-05-06 15:53:12'),
(456, 77, 21, '2025-05-06 15:53:12', '2025-05-06 15:53:12'),
(457, 78, 15, '2025-05-06 15:53:12', '2025-05-06 15:53:12'),
(458, 78, 14, '2025-05-06 15:53:12', '2025-05-06 15:53:12'),
(459, 78, 11, '2025-05-06 15:53:12', '2025-05-06 15:53:12'),
(460, 78, 19, '2025-05-06 15:53:12', '2025-05-06 15:53:12'),
(461, 79, 21, '2025-05-06 15:53:12', '2025-05-06 15:53:12'),
(462, 79, 16, '2025-05-06 15:53:12', '2025-05-06 15:53:12'),
(463, 79, 13, '2025-05-06 15:53:12', '2025-05-06 15:53:12'),
(464, 79, 23, '2025-05-06 15:53:12', '2025-05-06 15:53:12'),
(465, 79, 24, '2025-05-06 15:53:12', '2025-05-06 15:53:12'),
(466, 80, 12, '2025-05-06 15:53:12', '2025-05-06 15:53:12'),
(467, 80, 14, '2025-05-06 15:53:12', '2025-05-06 15:53:12'),
(468, 81, 20, '2025-05-06 15:53:12', '2025-05-06 15:53:12'),
(469, 81, 5, '2025-05-06 15:53:12', '2025-05-06 15:53:12'),
(470, 81, 21, '2025-05-06 15:53:12', '2025-05-06 15:53:12'),
(471, 82, 21, '2025-05-06 15:53:12', '2025-05-06 15:53:12'),
(472, 82, 10, '2025-05-06 15:53:12', '2025-05-06 15:53:12'),
(473, 82, 8, '2025-05-06 15:53:12', '2025-05-06 15:53:12'),
(474, 82, 7, '2025-05-06 15:53:12', '2025-05-06 15:53:12'),
(475, 83, 13, '2025-05-06 15:53:12', '2025-05-06 15:53:12'),
(476, 83, 23, '2025-05-06 15:53:12', '2025-05-06 15:53:12'),
(477, 84, 1, '2025-05-06 15:53:12', '2025-05-06 15:53:12'),
(478, 84, 15, '2025-05-06 15:53:12', '2025-05-06 15:53:12'),
(479, 84, 8, '2025-05-06 15:53:12', '2025-05-06 15:53:12'),
(480, 85, 5, '2025-05-06 15:53:12', '2025-05-06 15:53:12'),
(481, 85, 14, '2025-05-06 15:53:12', '2025-05-06 15:53:12'),
(482, 86, 24, '2025-05-06 15:53:12', '2025-05-06 15:53:12'),
(483, 86, 21, '2025-05-06 15:53:12', '2025-05-06 15:53:12'),
(484, 86, 16, '2025-05-06 15:53:12', '2025-05-06 15:53:12'),
(485, 86, 19, '2025-05-06 15:53:12', '2025-05-06 15:53:12'),
(486, 87, 10, '2025-05-06 15:53:12', '2025-05-06 15:53:12'),
(487, 87, 5, '2025-05-06 15:53:12', '2025-05-06 15:53:12'),
(488, 87, 24, '2025-05-06 15:53:12', '2025-05-06 15:53:12'),
(489, 87, 22, '2025-05-06 15:53:12', '2025-05-06 15:53:12'),
(490, 87, 9, '2025-05-06 15:53:12', '2025-05-06 15:53:12'),
(491, 88, 14, '2025-05-06 15:53:12', '2025-05-06 15:53:12'),
(492, 88, 21, '2025-05-06 15:53:12', '2025-05-06 15:53:12'),
(493, 88, 24, '2025-05-06 15:53:12', '2025-05-06 15:53:12'),
(494, 89, 13, '2025-05-06 15:53:12', '2025-05-06 15:53:12'),
(495, 89, 4, '2025-05-06 15:53:12', '2025-05-06 15:53:12'),
(496, 89, 9, '2025-05-06 15:53:12', '2025-05-06 15:53:12'),
(497, 90, 8, '2025-05-06 15:53:12', '2025-05-06 15:53:12'),
(498, 90, 17, '2025-05-06 15:53:12', '2025-05-06 15:53:12'),
(499, 90, 12, '2025-05-06 15:53:12', '2025-05-06 15:53:12'),
(500, 91, 3, '2025-05-06 15:53:12', '2025-05-06 15:53:12'),
(501, 91, 6, '2025-05-06 15:53:12', '2025-05-06 15:53:12'),
(502, 91, 16, '2025-05-06 15:53:12', '2025-05-06 15:53:12'),
(503, 91, 24, '2025-05-06 15:53:12', '2025-05-06 15:53:12'),
(504, 91, 22, '2025-05-06 15:53:12', '2025-05-06 15:53:12'),
(505, 92, 4, '2025-05-06 15:53:12', '2025-05-06 15:53:12'),
(506, 92, 14, '2025-05-06 15:53:12', '2025-05-06 15:53:12'),
(507, 92, 19, '2025-05-06 15:53:12', '2025-05-06 15:53:12'),
(508, 92, 9, '2025-05-06 15:53:12', '2025-05-06 15:53:12'),
(509, 93, 17, '2025-05-06 15:53:12', '2025-05-06 15:53:12'),
(510, 93, 4, '2025-05-06 15:53:12', '2025-05-06 15:53:12'),
(511, 93, 21, '2025-05-06 15:53:12', '2025-05-06 15:53:12'),
(512, 93, 16, '2025-05-06 15:53:12', '2025-05-06 15:53:12'),
(513, 94, 6, '2025-05-06 15:53:12', '2025-05-06 15:53:12'),
(514, 94, 23, '2025-05-06 15:53:12', '2025-05-06 15:53:12'),
(515, 94, 14, '2025-05-06 15:53:12', '2025-05-06 15:53:12'),
(516, 94, 19, '2025-05-06 15:53:12', '2025-05-06 15:53:12'),
(517, 94, 2, '2025-05-06 15:53:12', '2025-05-06 15:53:12'),
(518, 95, 16, '2025-05-06 15:53:12', '2025-05-06 15:53:12'),
(519, 95, 5, '2025-05-06 15:53:12', '2025-05-06 15:53:12'),
(520, 95, 14, '2025-05-06 15:53:12', '2025-05-06 15:53:12'),
(521, 95, 10, '2025-05-06 15:53:12', '2025-05-06 15:53:12'),
(522, 96, 13, '2025-05-06 15:53:12', '2025-05-06 15:53:12'),
(523, 97, 6, '2025-05-06 15:53:12', '2025-05-06 15:53:12'),
(524, 97, 9, '2025-05-06 15:53:12', '2025-05-06 15:53:12'),
(525, 97, 11, '2025-05-06 15:53:12', '2025-05-06 15:53:12'),
(526, 97, 20, '2025-05-06 15:53:12', '2025-05-06 15:53:12'),
(527, 97, 3, '2025-05-06 15:53:12', '2025-05-06 15:53:12'),
(528, 97, 2, '2025-05-06 15:53:12', '2025-05-06 15:53:12'),
(529, 97, 8, '2025-05-06 15:53:12', '2025-05-06 15:53:12'),
(530, 98, 2, '2025-05-06 15:53:12', '2025-05-06 15:53:12'),
(531, 98, 15, '2025-05-06 15:53:12', '2025-05-06 15:53:12'),
(532, 98, 11, '2025-05-06 15:53:12', '2025-05-06 15:53:12'),
(533, 98, 6, '2025-05-06 15:53:12', '2025-05-06 15:53:12'),
(534, 99, 11, '2025-05-06 15:53:12', '2025-05-06 15:53:12'),
(535, 99, 20, '2025-05-06 15:53:12', '2025-05-06 15:53:12'),
(536, 100, 12, '2025-05-06 15:53:12', '2025-05-06 15:53:12'),
(537, 100, 20, '2025-05-06 15:53:12', '2025-05-06 15:53:12'),
(538, 101, 7, '2025-05-06 15:53:12', '2025-05-06 15:53:12'),
(539, 101, 18, '2025-05-06 15:53:12', '2025-05-06 15:53:12'),
(540, 101, 8, '2025-05-06 15:53:12', '2025-05-06 15:53:12');

-- --------------------------------------------------------

--
-- Table structure for table `stage_submissions`
--

CREATE TABLE `stage_submissions` (
  `id` bigint UNSIGNED NOT NULL,
  `project_stage_id` bigint UNSIGNED NOT NULL,
  `submitted_at` timestamp NULL DEFAULT NULL,
  `status` enum('pending','submitted','reviewed') COLLATE utf8mb4_unicode_ci NOT NULL DEFAULT 'pending',
  `grade` decimal(5,2) DEFAULT NULL,
  `reviewed_by` bigint UNSIGNED DEFAULT NULL,
  `notes` text COLLATE utf8mb4_unicode_ci,
  `created_at` timestamp NULL DEFAULT NULL,
  `updated_at` timestamp NULL DEFAULT NULL
) ENGINE=InnoDB DEFAULT CHARSET=utf8mb4 COLLATE=utf8mb4_unicode_ci;

-- --------------------------------------------------------

--
-- Table structure for table `students`
--

CREATE TABLE `students` (
  `studentId` bigint UNSIGNED NOT NULL,
  `userId` bigint UNSIGNED NOT NULL,
  `experience` text COLLATE utf8mb4_unicode_ci,
  `gpa` double(3,2) DEFAULT NULL COMMENT 'Between 0.00 to 4.00',
  `created_at` timestamp NULL DEFAULT NULL,
  `updated_at` timestamp NULL DEFAULT NULL
) ENGINE=InnoDB DEFAULT CHARSET=utf8mb4 COLLATE=utf8mb4_unicode_ci;

--
-- Dumping data for table `students`
--

INSERT INTO `students` (`studentId`, `userId`, `experience`, `gpa`, `created_at`, `updated_at`) VALUES
(2, 7, NULL, NULL, '2025-04-09 09:45:27', '2025-04-09 09:45:27'),
(3, 10, NULL, NULL, '2025-05-02 12:37:20', '2025-05-02 12:37:20'),
(4, 14, 'Developed REST APIs using Laravel for university management system', 3.60, '2025-05-04 17:04:48', '2025-05-04 17:04:48'),
(5, 15, 'Created computer vision models for traffic monitoring system', 3.90, '2025-05-04 17:04:48', '2025-05-04 17:04:48'),
(6, 16, 'Built Flutter app for local charity organization', 3.20, '2025-05-04 17:04:49', '2025-05-04 17:04:49'),
(7, 17, 'Designed user interfaces for mobile banking app', 3.70, '2025-05-04 17:04:49', '2025-05-04 17:04:49'),
(8, 18, 'Deployed scalable web app on AWS with load balancing', 3.40, '2025-05-04 17:04:49', '2025-05-04 17:04:49'),
(59, 119, 'Participated in a hackathon and built a data analysis tool', 2.12, '2025-05-06 17:41:36', '2025-05-06 17:41:36'),
(60, 120, 'Built a login system with Node.js', 2.07, '2025-05-06 17:41:36', '2025-05-06 17:41:36'),
(61, 121, 'Contributed to a task management project with React', 3.61, '2025-05-06 17:41:36', '2025-05-06 17:41:36'),
(62, 122, 'Worked on an open-source educational platform', 3.62, '2025-05-06 17:41:36', '2025-05-06 17:41:36'),
(63, 123, 'Integrated third-party APIs in a graduation project', 3.21, '2025-05-06 17:41:36', '2025-05-06 17:41:36'),
(64, 124, 'Designed a database for a university project using MySQL', 2.29, '2025-05-06 17:41:36', '2025-05-06 17:41:36'),
(65, 125, 'Built a login system with Node.js', 3.29, '2025-05-06 17:41:36', '2025-05-06 17:41:36'),
(66, 126, 'Worked on an open-source educational platform', 2.62, '2025-05-06 17:41:36', '2025-05-06 17:41:36'),
(67, 127, 'Participated in a hackathon and built a data analysis tool', 3.19, '2025-05-06 17:41:36', '2025-05-06 17:41:36'),
(68, 128, 'Developed an e-commerce website using Django', 3.54, '2025-05-06 17:41:36', '2025-05-06 17:41:36'),
(69, 129, 'Built a login system with Node.js', 3.72, '2025-05-06 17:41:36', '2025-05-06 17:41:36'),
(70, 130, 'Worked on an open-source educational platform', 3.93, '2025-05-06 17:41:36', '2025-05-06 17:41:36'),
(71, 131, 'Participated in a hackathon and built a data analysis tool', 2.58, '2025-05-06 17:41:36', '2025-05-06 17:41:36'),
(72, 132, 'Built a login system with Node.js', 2.02, '2025-05-06 17:41:36', '2025-05-06 17:41:36'),
(73, 133, 'Designed a database for a university project using MySQL', 3.07, '2025-05-06 17:41:36', '2025-05-06 17:41:36'),
(74, 134, 'Developed an e-commerce website using Django', 3.89, '2025-05-06 17:41:36', '2025-05-06 17:41:36'),
(75, 135, 'Developed a mobile app using Flutter', 3.82, '2025-05-06 17:41:36', '2025-05-06 17:41:36'),
(76, 136, 'Contributed to a task management project with React', 2.16, '2025-05-06 17:41:36', '2025-05-06 17:41:36'),
(77, 137, 'Built a web application using Laravel', 2.51, '2025-05-06 17:41:36', '2025-05-06 17:41:36'),
(78, 138, 'Integrated third-party APIs in a graduation project', 3.02, '2025-05-06 17:41:36', '2025-05-06 17:41:36'),
(79, 139, 'Designed a database for a university project using MySQL', 3.67, '2025-05-06 17:41:36', '2025-05-06 17:41:36'),
(80, 140, 'Worked on an open-source educational platform', 3.47, '2025-05-06 17:41:36', '2025-05-06 17:41:36'),
(81, 141, 'Developed an e-commerce website using Django', 2.24, '2025-05-06 17:41:36', '2025-05-06 17:41:36'),
(82, 142, 'Built a login system with Node.js', 3.18, '2025-05-06 17:41:36', '2025-05-06 17:41:36'),
(83, 143, 'Built a login system with Node.js', 2.43, '2025-05-06 17:41:36', '2025-05-06 17:41:36'),
(84, 144, 'Designed a database for a university project using MySQL', 3.97, '2025-05-06 17:41:36', '2025-05-06 17:41:36'),
(85, 145, 'Worked on an open-source educational platform', 3.48, '2025-05-06 17:41:36', '2025-05-06 17:41:36'),
(86, 146, 'Created a user interface with HTML, CSS, and JavaScript', 2.09, '2025-05-06 17:41:36', '2025-05-06 17:41:36'),
(87, 147, 'Worked on an open-source educational platform', 2.31, '2025-05-06 17:41:36', '2025-05-06 17:41:36'),
(88, 148, 'Developed an e-commerce website using Django', 2.28, '2025-05-06 17:41:36', '2025-05-06 17:41:36'),
(89, 149, 'Built a web application using Laravel', 3.34, '2025-05-06 17:41:36', '2025-05-06 17:41:36'),
(90, 150, 'Developed an e-commerce website using Django', 3.68, '2025-05-06 17:41:36', '2025-05-06 17:41:36'),
(91, 151, 'Worked on an open-source educational platform', 2.02, '2025-05-06 17:41:36', '2025-05-06 17:41:36'),
(92, 152, 'Developed an e-commerce website using Django', 2.52, '2025-05-06 17:41:36', '2025-05-06 17:41:36'),
(93, 153, 'Worked on an open-source educational platform', 3.30, '2025-05-06 17:41:36', '2025-05-06 17:41:36'),
(94, 154, 'Designed a database for a university project using MySQL', 2.45, '2025-05-06 17:41:36', '2025-05-06 17:41:36'),
(95, 155, 'Participated in a hackathon and built a data analysis tool', 3.67, '2025-05-06 17:41:36', '2025-05-06 17:41:36'),
(96, 156, 'Integrated third-party APIs in a graduation project', 2.80, '2025-05-06 17:41:36', '2025-05-06 17:41:36'),
(97, 157, 'Participated in a hackathon and built a data analysis tool', 3.29, '2025-05-06 17:41:36', '2025-05-06 17:41:36'),
(98, 158, 'Built a web application using Laravel', 2.59, '2025-05-06 17:41:36', '2025-05-06 17:41:36'),
(99, 159, 'Built a web application using Laravel', 2.99, '2025-05-06 17:41:36', '2025-05-06 17:41:36'),
(100, 160, 'Built a web application using Laravel', 3.32, '2025-05-06 17:41:36', '2025-05-06 17:41:36'),
(101, 161, 'Built a login system with Node.js', 2.97, '2025-05-06 17:41:36', '2025-05-06 17:41:36'),
(102, 162, 'Integrated third-party APIs in a graduation project', 3.33, '2025-05-06 17:41:36', '2025-05-06 17:41:36'),
(103, 163, 'Created a user interface with HTML, CSS, and JavaScript', 3.99, '2025-05-06 17:41:36', '2025-05-06 17:41:36'),
(104, 164, 'Developed an e-commerce website using Django', 3.27, '2025-05-06 17:41:36', '2025-05-06 17:41:36'),
(105, 165, 'Developed an e-commerce website using Django', 2.10, '2025-05-06 17:41:36', '2025-05-06 17:41:36'),
(106, 166, 'Worked on an open-source educational platform', 3.02, '2025-05-06 17:41:36', '2025-05-06 17:41:36'),
(107, 167, 'Participated in a hackathon and built a data analysis tool', 2.69, '2025-05-06 17:41:36', '2025-05-06 17:41:36'),
(108, 168, 'Built a web application using Laravel', 2.71, '2025-05-06 17:41:36', '2025-05-06 17:41:36');

-- --------------------------------------------------------

--
-- Table structure for table `supervisors`
--

CREATE TABLE `supervisors` (
  `supervisorId` bigint UNSIGNED NOT NULL,
  `userId` bigint UNSIGNED NOT NULL,
  `created_at` timestamp NULL DEFAULT NULL,
  `updated_at` timestamp NULL DEFAULT NULL
) ENGINE=InnoDB DEFAULT CHARSET=utf8mb4 COLLATE=utf8mb4_unicode_ci;

--
-- Dumping data for table `supervisors`
--

INSERT INTO `supervisors` (`supervisorId`, `userId`, `created_at`, `updated_at`) VALUES
(1, 11, '2025-05-02 12:44:50', '2025-05-02 12:44:50'),
(2, 169, '2025-05-06 17:41:57', '2025-05-06 17:41:57'),
(3, 170, '2025-05-06 17:41:57', '2025-05-06 17:41:57'),
(4, 171, '2025-05-06 17:41:57', '2025-05-06 17:41:57'),
(5, 172, '2025-05-06 17:41:57', '2025-05-06 17:41:57'),
(6, 173, '2025-05-06 17:41:57', '2025-05-06 17:41:57'),
(7, 174, '2025-05-06 17:41:57', '2025-05-06 17:41:57'),
(8, 175, '2025-05-06 17:41:57', '2025-05-06 17:41:57'),
(9, 176, '2025-05-06 17:41:57', '2025-05-06 17:41:57'),
(10, 177, '2025-05-06 17:41:57', '2025-05-06 17:41:57'),
(11, 178, '2025-05-06 17:41:57', '2025-05-06 17:41:57'),
(12, 179, '2025-05-06 17:41:57', '2025-05-06 17:41:57'),
(13, 180, '2025-05-06 17:41:57', '2025-05-06 17:41:57'),
(14, 181, '2025-05-06 17:41:57', '2025-05-06 17:41:57'),
(15, 182, '2025-05-06 17:41:57', '2025-05-06 17:41:57'),
(16, 183, '2025-05-06 17:41:57', '2025-05-06 17:41:57'),
(17, 184, '2025-05-06 17:41:57', '2025-05-06 17:41:57'),
(18, 185, '2025-05-06 17:41:57', '2025-05-06 17:41:57'),
(19, 186, '2025-05-06 17:41:57', '2025-05-06 17:41:57'),
(20, 187, '2025-05-06 17:41:57', '2025-05-06 17:41:57'),
(21, 188, '2025-05-06 17:41:57', '2025-05-06 17:41:57'),
(22, 189, '2025-05-06 17:41:57', '2025-05-06 17:41:57'),
(23, 190, '2025-05-06 17:41:57', '2025-05-06 17:41:57'),
(24, 191, '2025-05-06 17:41:57', '2025-05-06 17:41:57'),
(25, 192, '2025-05-06 17:41:57', '2025-05-06 17:41:57'),
(26, 193, '2025-05-06 17:41:57', '2025-05-06 17:41:57'),
(27, 194, '2025-05-06 17:41:57', '2025-05-06 17:41:57'),
(28, 195, '2025-05-06 17:41:57', '2025-05-06 17:41:57'),
(29, 196, '2025-05-06 17:41:57', '2025-05-06 17:41:57'),
(30, 197, '2025-05-06 17:41:57', '2025-05-06 17:41:57'),
(31, 198, '2025-05-06 17:41:57', '2025-05-06 17:41:57'),
(32, 199, '2025-05-06 17:41:57', '2025-05-06 17:41:57'),
(33, 200, '2025-05-06 17:41:57', '2025-05-06 17:41:57'),
(34, 201, '2025-05-06 17:41:57', '2025-05-06 17:41:57'),
(35, 202, '2025-05-06 17:41:57', '2025-05-06 17:41:57'),
(36, 203, '2025-05-06 17:41:57', '2025-05-06 17:41:57'),
(37, 204, '2025-05-06 17:41:57', '2025-05-06 17:41:57'),
(38, 205, '2025-05-06 17:41:57', '2025-05-06 17:41:57'),
(39, 206, '2025-05-06 17:41:57', '2025-05-06 17:41:57'),
(40, 207, '2025-05-06 17:41:57', '2025-05-06 17:41:57'),
(41, 208, '2025-05-06 17:41:57', '2025-05-06 17:41:57'),
(42, 209, '2025-05-06 17:41:57', '2025-05-06 17:41:57'),
(43, 210, '2025-05-06 17:41:57', '2025-05-06 17:41:57'),
(44, 211, '2025-05-06 17:41:57', '2025-05-06 17:41:57'),
(45, 212, '2025-05-06 17:41:57', '2025-05-06 17:41:57'),
(46, 213, '2025-05-06 17:41:57', '2025-05-06 17:41:57'),
(47, 214, '2025-05-06 17:41:57', '2025-05-06 17:41:57'),
(48, 215, '2025-05-06 17:41:57', '2025-05-06 17:41:57'),
(49, 216, '2025-05-06 17:41:57', '2025-05-06 17:41:57'),
(50, 217, '2025-05-06 17:41:57', '2025-05-06 17:41:57'),
(51, 218, '2025-05-06 17:41:57', '2025-05-06 17:41:57');

-- --------------------------------------------------------

--
-- Table structure for table `users`
--

CREATE TABLE `users` (
  `userId` bigint UNSIGNED NOT NULL,
  `name` varchar(255) COLLATE utf8mb4_unicode_ci NOT NULL,
  `email` varchar(255) COLLATE utf8mb4_unicode_ci NOT NULL,
  `password` varchar(255) COLLATE utf8mb4_unicode_ci NOT NULL,
  `role` enum('student','supervisor','coordinator','department_head','alumni') COLLATE utf8mb4_unicode_ci NOT NULL DEFAULT 'student',
  `created_at` timestamp NULL DEFAULT NULL,
  `updated_at` timestamp NULL DEFAULT NULL,
  `deleted_at` timestamp NULL DEFAULT NULL
) ENGINE=InnoDB DEFAULT CHARSET=utf8mb4 COLLATE=utf8mb4_unicode_ci;

--
-- Dumping data for table `users`
--

INSERT INTO `users` (`userId`, `name`, `email`, `password`, `role`, `created_at`, `updated_at`, `deleted_at`) VALUES
(7, 'رنيم', 'ranim@example.com', '$2y$12$kqUbgkRL.GuBGkpJZhmytOlDQnjhP9yFXCjKvW8pIqrnO.39oxe3u', 'student', '2025-04-09 09:45:27', '2025-04-09 09:45:27', NULL),
(9, 'Project Coordinator', 'coordinator@example.com', '$2y$12$mzs1VPi6ymj8ghszJK.2Oer8xN3bGb/4jqb13AIfiGlCgc7s95MZW', 'coordinator', '2025-04-09 09:56:03', '2025-04-09 09:56:03', NULL),
(10, 'معاذ', 'mouaz@example.com', '$2y$12$IEiyfBXrcFnkhYTEd5r8FekHLJ3/l3Qc.ag6IBzNmlhaQre6Rviqa', 'student', '2025-05-02 12:37:20', '2025-05-02 12:37:20', NULL),
(11, 'Dr. Ahmad Supervisor', 'supervisor@example.com', '$2y$12$qUqfJNv.p0tRDvKVwXiD/e9WQA67CyqTlSeQkg5EeQ43b3SBhfOGa', 'supervisor', '2025-05-02 12:44:50', '2025-05-02 12:44:50', NULL),
(12, 'Ahmed Ali', 'ahmed@example.com', '$2y$12$JZLGpF33zsaEg8z2w1q3vOlNugwMDPu637Qr92Q7vQHIipH6diFA2', 'student', '2025-05-04 15:53:01', '2025-05-04 15:53:01', NULL),
(14, 'Mohamed Hassan', 'mohamed.h@example.com', '$2y$12$MEvODxivbjvkVA60C8A/EuoNXDWT0VKjMoLLKcQN4ZDUueW5V5Xu2', 'student', '2025-05-04 17:04:48', '2025-05-04 17:04:48', NULL),
(15, 'Fatima Al-Mansoori', 'fatima.alm@example.com', '$2y$12$ebLN5Yp3EwGN/Bru9Z9TA.QDCVxeVyLxaWffhrWggA4v/kRN1cHdq', 'student', '2025-05-04 17:04:48', '2025-05-04 17:04:48', NULL),
(16, 'Khalid Abdullah', 'khalid.dev@example.com', '$2y$12$9Z0Jk2nnv5XgAKjFdJFmMO7EOUepukRI0hgotW0KaQ2p5HcmAqnJ.', 'student', '2025-05-04 17:04:49', '2025-05-04 17:04:49', NULL),
(17, 'Layla Mahmoud', 'layla.uiux@example.com', '$2y$12$gBuEvZEnefTNRC2kP0/N..SEF5W7SbiJstncefPo5c4Z0xyoIKhR.', 'student', '2025-05-04 17:04:49', '2025-05-04 17:04:49', NULL),
(18, 'Omar Farooq', 'omar.cloud@example.com', '$2y$12$jVus2vw8pdB2XuLHU/9UgO9.SPdzENWbRf7S0SbQR4tMHpXaOO7XC', 'student', '2025-05-04 17:04:49', '2025-05-04 17:04:49', NULL),
(119, 'Kevin Hall', 'hardytamara@anderson.net', 'ef92b778bafe771e89245b89ecbc08a44a4e166c06659911881f383d4473', 'student', '2025-05-06 17:41:07', '2025-05-06 17:41:07', NULL),
(120, 'Jeffrey Wright', 'victoria38@gmail.com', 'ef92b778bafe771e89245b89ecbc08a44a4e166c06659911881f383d4473', 'student', '2025-05-06 17:41:07', '2025-05-06 17:41:07', NULL),
(121, 'Tonya Warren', 'roberto07@yahoo.com', 'ef92b778bafe771e89245b89ecbc08a44a4e166c06659911881f383d4473', 'student', '2025-05-06 17:41:07', '2025-05-06 17:41:07', NULL),
(122, 'Casey Johnson', 'duffysabrina@huerta.com', 'ef92b778bafe771e89245b89ecbc08a44a4e166c06659911881f383d4473', 'student', '2025-05-06 17:41:07', '2025-05-06 17:41:07', NULL),
(123, 'Jonathan Nolan', 'barbara33@hart.com', 'ef92b778bafe771e89245b89ecbc08a44a4e166c06659911881f383d4473', 'student', '2025-05-06 17:41:07', '2025-05-06 17:41:07', NULL),
(124, 'Alex Rodgers', 'jsmith@taylor.com', 'ef92b778bafe771e89245b89ecbc08a44a4e166c06659911881f383d4473', 'student', '2025-05-06 17:41:07', '2025-05-06 17:41:07', NULL),
(125, 'Angela Hughes', 'westjulie@figueroa.com', 'ef92b778bafe771e89245b89ecbc08a44a4e166c06659911881f383d4473', 'student', '2025-05-06 17:41:07', '2025-05-06 17:41:07', NULL),
(126, 'Jacqueline Ross', 'johnnytaylor@keller.com', 'ef92b778bafe771e89245b89ecbc08a44a4e166c06659911881f383d4473', 'student', '2025-05-06 17:41:07', '2025-05-06 17:41:07', NULL),
(127, 'Jon Ortega', 'mirandasolomon@hotmail.com', 'ef92b778bafe771e89245b89ecbc08a44a4e166c06659911881f383d4473', 'student', '2025-05-06 17:41:07', '2025-05-06 17:41:07', NULL),
(128, 'Sonya Valentine', 'smccall@peterson.com', 'ef92b778bafe771e89245b89ecbc08a44a4e166c06659911881f383d4473', 'student', '2025-05-06 17:41:07', '2025-05-06 17:41:07', NULL),
(129, 'Nathan Williams', 'bflores@alexander-francis.com', 'ef92b778bafe771e89245b89ecbc08a44a4e166c06659911881f383d4473', 'student', '2025-05-06 17:41:07', '2025-05-06 17:41:07', NULL),
(130, 'Gerald Lowe', 'zscott@hotmail.com', 'ef92b778bafe771e89245b89ecbc08a44a4e166c06659911881f383d4473', 'student', '2025-05-06 17:41:07', '2025-05-06 17:41:07', NULL),
(131, 'Debra Keller', 'donovanjoseph@davis.info', 'ef92b778bafe771e89245b89ecbc08a44a4e166c06659911881f383d4473', 'student', '2025-05-06 17:41:07', '2025-05-06 17:41:07', NULL),
(132, 'Cory Vasquez', 'ohughes@sanchez-jones.com', 'ef92b778bafe771e89245b89ecbc08a44a4e166c06659911881f383d4473', 'student', '2025-05-06 17:41:07', '2025-05-06 17:41:07', NULL),
(133, 'Mark Casey', 'samantha34@vega.com', 'ef92b778bafe771e89245b89ecbc08a44a4e166c06659911881f383d4473', 'student', '2025-05-06 17:41:07', '2025-05-06 17:41:07', NULL),
(134, 'Nancy Ellis', 'keitharnold@choi-smith.net', 'ef92b778bafe771e89245b89ecbc08a44a4e166c06659911881f383d4473', 'student', '2025-05-06 17:41:07', '2025-05-06 17:41:07', NULL),
(135, 'Mary Nichols', 'ashleysanchez@gmail.com', 'ef92b778bafe771e89245b89ecbc08a44a4e166c06659911881f383d4473', 'student', '2025-05-06 17:41:07', '2025-05-06 17:41:07', NULL),
(136, 'Brian Davis', 'udodson@hotmail.com', 'ef92b778bafe771e89245b89ecbc08a44a4e166c06659911881f383d4473', 'student', '2025-05-06 17:41:07', '2025-05-06 17:41:07', NULL),
(137, 'Michael Strickland', 'robin93@yahoo.com', 'ef92b778bafe771e89245b89ecbc08a44a4e166c06659911881f383d4473', 'student', '2025-05-06 17:41:07', '2025-05-06 17:41:07', NULL),
(138, 'Jennifer Reed', 'john18@yahoo.com', 'ef92b778bafe771e89245b89ecbc08a44a4e166c06659911881f383d4473', 'student', '2025-05-06 17:41:07', '2025-05-06 17:41:07', NULL),
(139, 'Donna Sweeney', 'david61@tucker.biz', 'ef92b778bafe771e89245b89ecbc08a44a4e166c06659911881f383d4473', 'student', '2025-05-06 17:41:07', '2025-05-06 17:41:07', NULL),
(140, 'Kristen Hogan', 'paceelaine@gmail.com', 'ef92b778bafe771e89245b89ecbc08a44a4e166c06659911881f383d4473', 'student', '2025-05-06 17:41:07', '2025-05-06 17:41:07', NULL),
(141, 'Lisa Douglas', 'mwells@hotmail.com', 'ef92b778bafe771e89245b89ecbc08a44a4e166c06659911881f383d4473', 'student', '2025-05-06 17:41:07', '2025-05-06 17:41:07', NULL),
(142, 'Mark Robinson', 'qsmith@simmons.com', 'ef92b778bafe771e89245b89ecbc08a44a4e166c06659911881f383d4473', 'student', '2025-05-06 17:41:07', '2025-05-06 17:41:07', NULL),
(143, 'Richard Hinton', 'joshua79@soto-dickerson.com', 'ef92b778bafe771e89245b89ecbc08a44a4e166c06659911881f383d4473', 'student', '2025-05-06 17:41:07', '2025-05-06 17:41:07', NULL),
(144, 'Jessica Gonzalez', 'jeanne14@cook.com', 'ef92b778bafe771e89245b89ecbc08a44a4e166c06659911881f383d4473', 'student', '2025-05-06 17:41:07', '2025-05-06 17:41:07', NULL),
(145, 'Elizabeth Taylor', 'elizabeth32@tran.biz', 'ef92b778bafe771e89245b89ecbc08a44a4e166c06659911881f383d4473', 'student', '2025-05-06 17:41:07', '2025-05-06 17:41:07', NULL),
(146, 'Holly Mcdonald', 'sergiodunn@robinson.com', 'ef92b778bafe771e89245b89ecbc08a44a4e166c06659911881f383d4473', 'student', '2025-05-06 17:41:07', '2025-05-06 17:41:07', NULL),
(147, 'Erik Holden', 'joshuasmith@bennett.org', 'ef92b778bafe771e89245b89ecbc08a44a4e166c06659911881f383d4473', 'student', '2025-05-06 17:41:07', '2025-05-06 17:41:07', NULL),
(148, 'Eric Montgomery', 'jason26@yahoo.com', 'ef92b778bafe771e89245b89ecbc08a44a4e166c06659911881f383d4473', 'student', '2025-05-06 17:41:07', '2025-05-06 17:41:07', NULL),
(149, 'Dylan Morse', 'cynthialambert@gmail.com', 'ef92b778bafe771e89245b89ecbc08a44a4e166c06659911881f383d4473', 'student', '2025-05-06 17:41:07', '2025-05-06 17:41:07', NULL),
(150, 'Daniel Hernandez', 'darlene47@wilson-barron.info', 'ef92b778bafe771e89245b89ecbc08a44a4e166c06659911881f383d4473', 'student', '2025-05-06 17:41:07', '2025-05-06 17:41:07', NULL),
(151, 'Yolanda Munoz', 'tburton@cooper-chapman.info', 'ef92b778bafe771e89245b89ecbc08a44a4e166c06659911881f383d4473', 'student', '2025-05-06 17:41:07', '2025-05-06 17:41:07', NULL),
(152, 'Mr. Michael Garza DVM', 'josephzhang@smith.com', 'ef92b778bafe771e89245b89ecbc08a44a4e166c06659911881f383d4473', 'student', '2025-05-06 17:41:07', '2025-05-06 17:41:07', NULL),
(153, 'Molly Johnson', 'deborahmason@doyle.com', 'ef92b778bafe771e89245b89ecbc08a44a4e166c06659911881f383d4473', 'student', '2025-05-06 17:41:07', '2025-05-06 17:41:07', NULL),
(154, 'Gina Kelley', 'collinspriscilla@yahoo.com', 'ef92b778bafe771e89245b89ecbc08a44a4e166c06659911881f383d4473', 'student', '2025-05-06 17:41:07', '2025-05-06 17:41:07', NULL),
(155, 'Ellen Carter', 'leachkrista@robinson.info', 'ef92b778bafe771e89245b89ecbc08a44a4e166c06659911881f383d4473', 'student', '2025-05-06 17:41:07', '2025-05-06 17:41:07', NULL),
(156, 'Rodney Jennings', 'simmonseric@rose-lopez.com', 'ef92b778bafe771e89245b89ecbc08a44a4e166c06659911881f383d4473', 'student', '2025-05-06 17:41:07', '2025-05-06 17:41:07', NULL),
(157, 'Cynthia Simon', 'erik14@greene.info', 'ef92b778bafe771e89245b89ecbc08a44a4e166c06659911881f383d4473', 'student', '2025-05-06 17:41:07', '2025-05-06 17:41:07', NULL),
(158, 'Jesse Cameron', 'jeromerodriguez@hotmail.com', 'ef92b778bafe771e89245b89ecbc08a44a4e166c06659911881f383d4473', 'student', '2025-05-06 17:41:07', '2025-05-06 17:41:07', NULL),
(159, 'Amber Warren', 'melanie11@dixon.org', 'ef92b778bafe771e89245b89ecbc08a44a4e166c06659911881f383d4473', 'student', '2025-05-06 17:41:07', '2025-05-06 17:41:07', NULL),
(160, 'Robert Benson', 'corey91@hotmail.com', 'ef92b778bafe771e89245b89ecbc08a44a4e166c06659911881f383d4473', 'student', '2025-05-06 17:41:07', '2025-05-06 17:41:07', NULL),
(161, 'Nicholas Reid', 'dpace@warner-jackson.biz', 'ef92b778bafe771e89245b89ecbc08a44a4e166c06659911881f383d4473', 'student', '2025-05-06 17:41:07', '2025-05-06 17:41:07', NULL),
(162, 'Vanessa Quinn', 'frederickpalmer@lopez-fernandez.net', 'ef92b778bafe771e89245b89ecbc08a44a4e166c06659911881f383d4473', 'student', '2025-05-06 17:41:07', '2025-05-06 17:41:07', NULL),
(163, 'Katherine Patterson DVM', 'davidhoward@hotmail.com', 'ef92b778bafe771e89245b89ecbc08a44a4e166c06659911881f383d4473', 'student', '2025-05-06 17:41:07', '2025-05-06 17:41:07', NULL),
(164, 'John Bennett', 'david81@smith.biz', 'ef92b778bafe771e89245b89ecbc08a44a4e166c06659911881f383d4473', 'student', '2025-05-06 17:41:07', '2025-05-06 17:41:07', NULL),
(165, 'Diane Nguyen', 'heather96@hotmail.com', 'ef92b778bafe771e89245b89ecbc08a44a4e166c06659911881f383d4473', 'student', '2025-05-06 17:41:07', '2025-05-06 17:41:07', NULL),
(166, 'Brooke Schneider', 'joneskenneth@rivera-smith.com', 'ef92b778bafe771e89245b89ecbc08a44a4e166c06659911881f383d4473', 'student', '2025-05-06 17:41:07', '2025-05-06 17:41:07', NULL),
(167, 'Robert Smith', 'monique73@gmail.com', 'ef92b778bafe771e89245b89ecbc08a44a4e166c06659911881f383d4473', 'student', '2025-05-06 17:41:07', '2025-05-06 17:41:07', NULL),
(168, 'Christopher Perez', 'danielpham@leonard.com', 'ef92b778bafe771e89245b89ecbc08a44a4e166c06659911881f383d4473', 'student', '2025-05-06 17:41:07', '2025-05-06 17:41:07', NULL),
(169, 'Dr. Tracy Wagner DDS', 'zosborn@yahoo.com', 'ef92b778bafe771e89245b89ecbc08a44a4e166c06659911881f383d4473', 'supervisor', '2025-05-06 17:41:07', '2025-05-06 17:41:07', NULL),
(170, 'Carla Harrington', 'sheila35@smith-bell.net', 'ef92b778bafe771e89245b89ecbc08a44a4e166c06659911881f383d4473', 'supervisor', '2025-05-06 17:41:07', '2025-05-06 17:41:07', NULL),
(171, 'John Perry', 'randy28@sanchez.biz', '$2y$12$RjSFXbFhWUQ3lfcPpYkGeuhdJF1e/G/H/ZcQnw9U4TsikywzZYKwi', 'supervisor', '2025-05-06 17:41:07', '2025-05-07 04:58:15', NULL),
(172, 'Paul Davis', 'oconnelljames@yahoo.com', 'ef92b778bafe771e89245b89ecbc08a44a4e166c06659911881f383d4473', 'supervisor', '2025-05-06 17:41:07', '2025-05-06 17:41:07', NULL),
(173, 'Laura Hudson', 'reneewilson@barnes.biz', 'ef92b778bafe771e89245b89ecbc08a44a4e166c06659911881f383d4473', 'supervisor', '2025-05-06 17:41:07', '2025-05-06 17:41:07', NULL),
(174, 'Lisa Miller', 'dickersondakota@hotmail.com', 'ef92b778bafe771e89245b89ecbc08a44a4e166c06659911881f383d4473', 'supervisor', '2025-05-06 17:41:07', '2025-05-06 17:41:07', NULL),
(175, 'David Wilson', 'andrewanderson@hotmail.com', 'ef92b778bafe771e89245b89ecbc08a44a4e166c06659911881f383d4473', 'supervisor', '2025-05-06 17:41:07', '2025-05-06 17:41:07', NULL),
(176, 'Susan White', 'jamesaudrey@montgomery.com', 'ef92b778bafe771e89245b89ecbc08a44a4e166c06659911881f383d4473', 'supervisor', '2025-05-06 17:41:07', '2025-05-06 17:41:07', NULL),
(177, 'Gerald Baker', 'charles40@rhodes-bright.com', 'ef92b778bafe771e89245b89ecbc08a44a4e166c06659911881f383d4473', 'supervisor', '2025-05-06 17:41:07', '2025-05-06 17:41:07', NULL),
(178, 'Walter Kirby', 'tammygarcia@collins.com', 'ef92b778bafe771e89245b89ecbc08a44a4e166c06659911881f383d4473', 'supervisor', '2025-05-06 17:41:07', '2025-05-06 17:41:07', NULL),
(179, 'Victoria Lynch', 'csolomon@gmail.com', 'ef92b778bafe771e89245b89ecbc08a44a4e166c06659911881f383d4473', 'supervisor', '2025-05-06 17:41:07', '2025-05-06 17:41:07', NULL),
(180, 'Daniel Hampton', 'arogers@gmail.com', 'ef92b778bafe771e89245b89ecbc08a44a4e166c06659911881f383d4473', 'supervisor', '2025-05-06 17:41:07', '2025-05-06 17:41:07', NULL),
(181, 'Vincent Jackson', 'michael83@hotmail.com', 'ef92b778bafe771e89245b89ecbc08a44a4e166c06659911881f383d4473', 'supervisor', '2025-05-06 17:41:07', '2025-05-06 17:41:07', NULL),
(182, 'Darlene Bautista', 'heidi34@yahoo.com', 'ef92b778bafe771e89245b89ecbc08a44a4e166c06659911881f383d4473', 'supervisor', '2025-05-06 17:41:07', '2025-05-06 17:41:07', NULL),
(183, 'Ashley Kelley', 'ymiller@chandler-ritter.info', 'ef92b778bafe771e89245b89ecbc08a44a4e166c06659911881f383d4473', 'supervisor', '2025-05-06 17:41:07', '2025-05-06 17:41:07', NULL),
(184, 'Natalie Odonnell', 'patricia77@johnson.biz', 'ef92b778bafe771e89245b89ecbc08a44a4e166c06659911881f383d4473', 'supervisor', '2025-05-06 17:41:07', '2025-05-06 17:41:07', NULL),
(185, 'Amy Roberson', 'holly77@salinas.net', 'ef92b778bafe771e89245b89ecbc08a44a4e166c06659911881f383d4473', 'supervisor', '2025-05-06 17:41:07', '2025-05-06 17:41:07', NULL),
(186, 'Krista Lee', 'johnfleming@reynolds.com', 'ef92b778bafe771e89245b89ecbc08a44a4e166c06659911881f383d4473', 'supervisor', '2025-05-06 17:41:07', '2025-05-06 17:41:07', NULL),
(187, 'Nicholas Bryant', 'jared58@gmail.com', 'ef92b778bafe771e89245b89ecbc08a44a4e166c06659911881f383d4473', 'supervisor', '2025-05-06 17:41:07', '2025-05-06 17:41:07', NULL),
(188, 'Dr. Michael Davis', 'hlee@brown.com', 'ef92b778bafe771e89245b89ecbc08a44a4e166c06659911881f383d4473', 'supervisor', '2025-05-06 17:41:07', '2025-05-06 17:41:07', NULL),
(189, 'Beth Washington', 'valerie04@hotmail.com', 'ef92b778bafe771e89245b89ecbc08a44a4e166c06659911881f383d4473', 'supervisor', '2025-05-06 17:41:07', '2025-05-06 17:41:07', NULL),
(190, 'Sydney Boyd', 'george03@watkins-rivera.com', 'ef92b778bafe771e89245b89ecbc08a44a4e166c06659911881f383d4473', 'supervisor', '2025-05-06 17:41:07', '2025-05-06 17:41:07', NULL),
(191, 'Lee Owens', 'kaylabailey@gilbert-ball.com', 'ef92b778bafe771e89245b89ecbc08a44a4e166c06659911881f383d4473', 'supervisor', '2025-05-06 17:41:07', '2025-05-06 17:41:07', NULL),
(192, 'Erin Brown', 'gprice@bullock-sanchez.com', 'ef92b778bafe771e89245b89ecbc08a44a4e166c06659911881f383d4473', 'supervisor', '2025-05-06 17:41:07', '2025-05-06 17:41:07', NULL),
(193, 'Jessica Vazquez', 'flynnmark@mercado.org', 'ef92b778bafe771e89245b89ecbc08a44a4e166c06659911881f383d4473', 'supervisor', '2025-05-06 17:41:07', '2025-05-06 17:41:07', NULL),
(194, 'Ryan Foster', 'jenniferwebb@gmail.com', 'ef92b778bafe771e89245b89ecbc08a44a4e166c06659911881f383d4473', 'supervisor', '2025-05-06 17:41:07', '2025-05-06 17:41:07', NULL),
(195, 'Matthew Anderson', 'duarterachael@gmail.com', 'ef92b778bafe771e89245b89ecbc08a44a4e166c06659911881f383d4473', 'supervisor', '2025-05-06 17:41:07', '2025-05-06 17:41:07', NULL),
(196, 'Barbara Cox', 'pwallace@hotmail.com', 'ef92b778bafe771e89245b89ecbc08a44a4e166c06659911881f383d4473', 'supervisor', '2025-05-06 17:41:07', '2025-05-06 17:41:07', NULL),
(197, 'Anna Coleman', 'gonzalezdavid@gmail.com', 'ef92b778bafe771e89245b89ecbc08a44a4e166c06659911881f383d4473', 'supervisor', '2025-05-06 17:41:07', '2025-05-06 17:41:07', NULL),
(198, 'Jacqueline Hartman', 'tsmith@hotmail.com', 'ef92b778bafe771e89245b89ecbc08a44a4e166c06659911881f383d4473', 'supervisor', '2025-05-06 17:41:07', '2025-05-06 17:41:07', NULL),
(199, 'Rachel Conway', 'justinbrewer@williams-stephens.com', 'ef92b778bafe771e89245b89ecbc08a44a4e166c06659911881f383d4473', 'supervisor', '2025-05-06 17:41:07', '2025-05-06 17:41:07', NULL),
(200, 'Jessica Good', 'nelsonjacob@gmail.com', 'ef92b778bafe771e89245b89ecbc08a44a4e166c06659911881f383d4473', 'supervisor', '2025-05-06 17:41:07', '2025-05-06 17:41:07', NULL),
(201, 'Gary Howard', 'timothycopeland@clark.com', 'ef92b778bafe771e89245b89ecbc08a44a4e166c06659911881f383d4473', 'supervisor', '2025-05-06 17:41:07', '2025-05-06 17:41:07', NULL),
(202, 'Melissa Mcdaniel', 'vharrison@snow-stewart.com', 'ef92b778bafe771e89245b89ecbc08a44a4e166c06659911881f383d4473', 'supervisor', '2025-05-06 17:41:07', '2025-05-06 17:41:07', NULL),
(203, 'Christopher Joseph', 'thomasspencer@reynolds.info', 'ef92b778bafe771e89245b89ecbc08a44a4e166c06659911881f383d4473', 'supervisor', '2025-05-06 17:41:07', '2025-05-06 17:41:07', NULL),
(204, 'Amanda Martinez', 'jamie11@hotmail.com', 'ef92b778bafe771e89245b89ecbc08a44a4e166c06659911881f383d4473', 'supervisor', '2025-05-06 17:41:07', '2025-05-06 17:41:07', NULL),
(205, 'Travis Rasmussen', 'jhines@torres.com', 'ef92b778bafe771e89245b89ecbc08a44a4e166c06659911881f383d4473', 'supervisor', '2025-05-06 17:41:07', '2025-05-06 17:41:07', NULL),
(206, 'William Morris', 'aaron28@ross.com', 'ef92b778bafe771e89245b89ecbc08a44a4e166c06659911881f383d4473', 'supervisor', '2025-05-06 17:41:07', '2025-05-06 17:41:07', NULL),
(207, 'Jason Roberts', 'danny26@yahoo.com', 'ef92b778bafe771e89245b89ecbc08a44a4e166c06659911881f383d4473', 'supervisor', '2025-05-06 17:41:07', '2025-05-06 17:41:07', NULL),
(208, 'Jared Sparks', 'eball@powell-ramirez.com', 'ef92b778bafe771e89245b89ecbc08a44a4e166c06659911881f383d4473', 'supervisor', '2025-05-06 17:41:07', '2025-05-06 17:41:07', NULL),
(209, 'Angela Johnson', 'lbrown@lewis-turner.biz', 'ef92b778bafe771e89245b89ecbc08a44a4e166c06659911881f383d4473', 'supervisor', '2025-05-06 17:41:07', '2025-05-06 17:41:07', NULL),
(210, 'Alexander Flores', 'gfry@ramirez.biz', 'ef92b778bafe771e89245b89ecbc08a44a4e166c06659911881f383d4473', 'supervisor', '2025-05-06 17:41:07', '2025-05-06 17:41:07', NULL),
(211, 'Warren Richmond', 'ramosbrendan@rosales-may.com', 'ef92b778bafe771e89245b89ecbc08a44a4e166c06659911881f383d4473', 'supervisor', '2025-05-06 17:41:07', '2025-05-06 17:41:07', NULL),
(212, 'Rebecca Espinoza', 'suzannelee@bishop-cox.info', 'ef92b778bafe771e89245b89ecbc08a44a4e166c06659911881f383d4473', 'supervisor', '2025-05-06 17:41:07', '2025-05-06 17:41:07', NULL),
(213, 'Susan Boyd', 'zachary01@becker.com', 'ef92b778bafe771e89245b89ecbc08a44a4e166c06659911881f383d4473', 'supervisor', '2025-05-06 17:41:07', '2025-05-06 17:41:07', NULL),
(214, 'Brandon Brooks', 'theresa19@yahoo.com', 'ef92b778bafe771e89245b89ecbc08a44a4e166c06659911881f383d4473', 'supervisor', '2025-05-06 17:41:07', '2025-05-06 17:41:07', NULL),
(215, 'Nicole Lopez', 'ibailey@hotmail.com', 'ef92b778bafe771e89245b89ecbc08a44a4e166c06659911881f383d4473', 'supervisor', '2025-05-06 17:41:07', '2025-05-06 17:41:07', NULL),
(216, 'Todd Johnson', 'alexanderwilkins@gmail.com', 'ef92b778bafe771e89245b89ecbc08a44a4e166c06659911881f383d4473', 'supervisor', '2025-05-06 17:41:07', '2025-05-06 17:41:07', NULL),
(217, 'Heather Rogers', 'dwilliams@brown-bates.com', 'ef92b778bafe771e89245b89ecbc08a44a4e166c06659911881f383d4473', 'supervisor', '2025-05-06 17:41:07', '2025-05-06 17:41:07', NULL),
(218, 'Jessica Sweeney', 'mark25@reed-calhoun.info', 'ef92b778bafe771e89245b89ecbc08a44a4e166c06659911881f383d4473', 'supervisor', '2025-05-06 17:41:07', '2025-05-06 17:41:07', NULL);

--
-- Indexes for dumped tables
--

--
-- Indexes for table `alumni`
--
ALTER TABLE `alumni`
  ADD PRIMARY KEY (`alumniId`),
  ADD KEY `alumni_userid_foreign` (`userId`);

--
-- Indexes for table `department_heads`
--
ALTER TABLE `department_heads`
  ADD PRIMARY KEY (`headId`),
  ADD KEY `department_heads_userid_foreign` (`userId`);

--
-- Indexes for table `failed_jobs`
--
ALTER TABLE `failed_jobs`
  ADD PRIMARY KEY (`id`),
  ADD UNIQUE KEY `failed_jobs_uuid_unique` (`uuid`);

--
-- Indexes for table `groups`
--
ALTER TABLE `groups`
  ADD PRIMARY KEY (`groupid`),
  ADD KEY `groups_projectid_foreign` (`projectid`);

--
-- Indexes for table `group_student`
--
ALTER TABLE `group_student`
  ADD PRIMARY KEY (`studentId`,`groupid`),
  ADD KEY `group_student_groupid_foreign` (`groupid`);

--
-- Indexes for table `group_supervisor`
--
ALTER TABLE `group_supervisor`
  ADD PRIMARY KEY (`supervisorId`,`groupid`),
  ADD KEY `group_supervisor_groupid_foreign` (`groupid`);

--
-- Indexes for table `migrations`
--
ALTER TABLE `migrations`
  ADD PRIMARY KEY (`id`);

--
-- Indexes for table `notifications`
--
ALTER TABLE `notifications`
  ADD PRIMARY KEY (`id`),
  ADD KEY `notifications_notifiable_type_notifiable_id_index` (`notifiable_type`,`notifiable_id`);

--
-- Indexes for table `password_reset_tokens`
--
ALTER TABLE `password_reset_tokens`
  ADD PRIMARY KEY (`email`);

--
-- Indexes for table `personal_access_tokens`
--
ALTER TABLE `personal_access_tokens`
  ADD PRIMARY KEY (`id`),
  ADD UNIQUE KEY `personal_access_tokens_token_unique` (`token`),
  ADD KEY `personal_access_tokens_tokenable_type_tokenable_id_index` (`tokenable_type`,`tokenable_id`);

--
-- Indexes for table `projects`
--
ALTER TABLE `projects`
  ADD PRIMARY KEY (`projectid`),
  ADD KEY `projects_headid_foreign` (`headid`);

--
-- Indexes for table `project_coordinators`
--
ALTER TABLE `project_coordinators`
  ADD PRIMARY KEY (`coordinatorId`),
  ADD KEY `project_coordinators_userid_foreign` (`userId`);

--
-- Indexes for table `project_proposals`
--
ALTER TABLE `project_proposals`
  ADD PRIMARY KEY (`proposalId`),
  ADD KEY `project_proposals_leader_id_foreign` (`leader_id`);

--
-- Indexes for table `project_stages`
--
ALTER TABLE `project_stages`
  ADD PRIMARY KEY (`id`),
  ADD KEY `project_stages_project_id_foreign` (`project_id`);

--
-- Indexes for table `proposal_experts`
--
ALTER TABLE `proposal_experts`
  ADD PRIMARY KEY (`id`),
  ADD KEY `proposal_experts_proposal_id_foreign` (`proposal_id`);

--
-- Indexes for table `proposal_supervisors`
--
ALTER TABLE `proposal_supervisors`
  ADD PRIMARY KEY (`id`),
  ADD KEY `proposal_supervisors_proposal_id_foreign` (`proposal_id`),
  ADD KEY `proposal_supervisors_supervisor_id_foreign` (`supervisor_id`);

--
-- Indexes for table `proposal_team_members`
--
ALTER TABLE `proposal_team_members`
  ADD PRIMARY KEY (`id`),
  ADD KEY `proposal_team_members_proposal_id_foreign` (`proposal_id`),
  ADD KEY `proposal_team_members_student_id_foreign` (`student_id`);

--
-- Indexes for table `schedules`
--
ALTER TABLE `schedules`
  ADD PRIMARY KEY (`scheduledId`);

--
-- Indexes for table `skills`
--
ALTER TABLE `skills`
  ADD PRIMARY KEY (`id`);

--
-- Indexes for table `skill_student`
--
ALTER TABLE `skill_student`
  ADD PRIMARY KEY (`id`),
  ADD KEY `skill_student_student_id_foreign` (`student_id`),
  ADD KEY `skill_student_skill_id_foreign` (`skill_id`);

--
-- Indexes for table `stage_submissions`
--
ALTER TABLE `stage_submissions`
  ADD PRIMARY KEY (`id`),
  ADD KEY `stage_submissions_project_stage_id_foreign` (`project_stage_id`),
  ADD KEY `stage_submissions_reviewed_by_foreign` (`reviewed_by`);

--
-- Indexes for table `students`
--
ALTER TABLE `students`
  ADD PRIMARY KEY (`studentId`),
  ADD KEY `students_userid_foreign` (`userId`);

--
-- Indexes for table `supervisors`
--
ALTER TABLE `supervisors`
  ADD PRIMARY KEY (`supervisorId`),
  ADD KEY `supervisors_userid_foreign` (`userId`);

--
-- Indexes for table `users`
--
ALTER TABLE `users`
  ADD PRIMARY KEY (`userId`),
  ADD UNIQUE KEY `users_email_unique` (`email`);

--
-- AUTO_INCREMENT for dumped tables
--

--
-- AUTO_INCREMENT for table `alumni`
--
ALTER TABLE `alumni`
  MODIFY `alumniId` bigint UNSIGNED NOT NULL AUTO_INCREMENT;

--
-- AUTO_INCREMENT for table `department_heads`
--
ALTER TABLE `department_heads`
  MODIFY `headId` bigint UNSIGNED NOT NULL AUTO_INCREMENT;

--
-- AUTO_INCREMENT for table `failed_jobs`
--
ALTER TABLE `failed_jobs`
  MODIFY `id` bigint UNSIGNED NOT NULL AUTO_INCREMENT;

--
-- AUTO_INCREMENT for table `groups`
--
ALTER TABLE `groups`
  MODIFY `groupid` bigint UNSIGNED NOT NULL AUTO_INCREMENT, AUTO_INCREMENT=53;

--
-- AUTO_INCREMENT for table `migrations`
--
ALTER TABLE `migrations`
  MODIFY `id` int UNSIGNED NOT NULL AUTO_INCREMENT, AUTO_INCREMENT=27;

--
-- AUTO_INCREMENT for table `notifications`
--
ALTER TABLE `notifications`
  MODIFY `id` bigint UNSIGNED NOT NULL AUTO_INCREMENT, AUTO_INCREMENT=17;

--
-- AUTO_INCREMENT for table `personal_access_tokens`
--
ALTER TABLE `personal_access_tokens`
  MODIFY `id` bigint UNSIGNED NOT NULL AUTO_INCREMENT;

--
-- AUTO_INCREMENT for table `projects`
--
ALTER TABLE `projects`
  MODIFY `projectid` bigint UNSIGNED NOT NULL AUTO_INCREMENT, AUTO_INCREMENT=56;

--
-- AUTO_INCREMENT for table `project_coordinators`
--
ALTER TABLE `project_coordinators`
  MODIFY `coordinatorId` bigint UNSIGNED NOT NULL AUTO_INCREMENT, AUTO_INCREMENT=2;

--
-- AUTO_INCREMENT for table `project_proposals`
--
ALTER TABLE `project_proposals`
  MODIFY `proposalId` bigint UNSIGNED NOT NULL AUTO_INCREMENT, AUTO_INCREMENT=83;

--
-- AUTO_INCREMENT for table `project_stages`
--
ALTER TABLE `project_stages`
  MODIFY `id` bigint UNSIGNED NOT NULL AUTO_INCREMENT, AUTO_INCREMENT=2;

--
-- AUTO_INCREMENT for table `proposal_experts`
--
ALTER TABLE `proposal_experts`
  MODIFY `id` bigint UNSIGNED NOT NULL AUTO_INCREMENT;

--
-- AUTO_INCREMENT for table `proposal_supervisors`
--
ALTER TABLE `proposal_supervisors`
  MODIFY `id` bigint UNSIGNED NOT NULL AUTO_INCREMENT;

--
-- AUTO_INCREMENT for table `proposal_team_members`
--
ALTER TABLE `proposal_team_members`
  MODIFY `id` bigint UNSIGNED NOT NULL AUTO_INCREMENT;

--
-- AUTO_INCREMENT for table `schedules`
--
ALTER TABLE `schedules`
  MODIFY `scheduledId` bigint UNSIGNED NOT NULL AUTO_INCREMENT;

--
-- AUTO_INCREMENT for table `skills`
--
ALTER TABLE `skills`
  MODIFY `id` bigint UNSIGNED NOT NULL AUTO_INCREMENT, AUTO_INCREMENT=25;

--
-- AUTO_INCREMENT for table `skill_student`
--
ALTER TABLE `skill_student`
  MODIFY `id` bigint UNSIGNED NOT NULL AUTO_INCREMENT, AUTO_INCREMENT=541;

--
-- AUTO_INCREMENT for table `stage_submissions`
--
ALTER TABLE `stage_submissions`
  MODIFY `id` bigint UNSIGNED NOT NULL AUTO_INCREMENT;

--
-- AUTO_INCREMENT for table `students`
--
ALTER TABLE `students`
  MODIFY `studentId` bigint UNSIGNED NOT NULL AUTO_INCREMENT, AUTO_INCREMENT=109;

--
-- AUTO_INCREMENT for table `supervisors`
--
ALTER TABLE `supervisors`
  MODIFY `supervisorId` bigint UNSIGNED NOT NULL AUTO_INCREMENT, AUTO_INCREMENT=52;

--
-- AUTO_INCREMENT for table `users`
--
ALTER TABLE `users`
  MODIFY `userId` bigint UNSIGNED NOT NULL AUTO_INCREMENT, AUTO_INCREMENT=219;

--
-- Constraints for dumped tables
--

--
-- Constraints for table `alumni`
--
ALTER TABLE `alumni`
  ADD CONSTRAINT `alumni_userid_foreign` FOREIGN KEY (`userId`) REFERENCES `users` (`userId`) ON DELETE CASCADE;

--
-- Constraints for table `department_heads`
--
ALTER TABLE `department_heads`
  ADD CONSTRAINT `department_heads_userid_foreign` FOREIGN KEY (`userId`) REFERENCES `users` (`userId`) ON DELETE CASCADE;

--
-- Constraints for table `groups`
--
ALTER TABLE `groups`
  ADD CONSTRAINT `groups_projectid_foreign` FOREIGN KEY (`projectid`) REFERENCES `projects` (`projectid`) ON DELETE CASCADE;

--
-- Constraints for table `group_student`
--
ALTER TABLE `group_student`
  ADD CONSTRAINT `group_student_groupid_foreign` FOREIGN KEY (`groupid`) REFERENCES `groups` (`groupid`) ON DELETE CASCADE,
  ADD CONSTRAINT `group_student_studentid_foreign` FOREIGN KEY (`studentId`) REFERENCES `students` (`studentId`) ON DELETE CASCADE;

--
-- Constraints for table `group_supervisor`
--
ALTER TABLE `group_supervisor`
  ADD CONSTRAINT `group_supervisor_groupid_foreign` FOREIGN KEY (`groupid`) REFERENCES `groups` (`groupid`) ON DELETE CASCADE,
  ADD CONSTRAINT `group_supervisor_supervisorid_foreign` FOREIGN KEY (`supervisorId`) REFERENCES `supervisors` (`supervisorId`) ON DELETE CASCADE;

--
-- Constraints for table `projects`
--
ALTER TABLE `projects`
  ADD CONSTRAINT `projects_headid_foreign` FOREIGN KEY (`headid`) REFERENCES `users` (`userId`) ON DELETE CASCADE;

--
-- Constraints for table `project_coordinators`
--
ALTER TABLE `project_coordinators`
  ADD CONSTRAINT `project_coordinators_userid_foreign` FOREIGN KEY (`userId`) REFERENCES `users` (`userId`) ON DELETE CASCADE;

--
-- Constraints for table `project_proposals`
--
ALTER TABLE `project_proposals`
  ADD CONSTRAINT `project_proposals_leader_id_foreign` FOREIGN KEY (`leader_id`) REFERENCES `students` (`studentId`) ON DELETE CASCADE;

--
-- Constraints for table `project_stages`
--
ALTER TABLE `project_stages`
  ADD CONSTRAINT `project_stages_project_id_foreign` FOREIGN KEY (`project_id`) REFERENCES `projects` (`projectid`) ON DELETE CASCADE;

--
-- Constraints for table `proposal_experts`
--
ALTER TABLE `proposal_experts`
  ADD CONSTRAINT `proposal_experts_proposal_id_foreign` FOREIGN KEY (`proposal_id`) REFERENCES `project_proposals` (`proposalId`) ON DELETE CASCADE;

--
-- Constraints for table `proposal_supervisors`
--
ALTER TABLE `proposal_supervisors`
  ADD CONSTRAINT `proposal_supervisors_proposal_id_foreign` FOREIGN KEY (`proposal_id`) REFERENCES `project_proposals` (`proposalId`) ON DELETE CASCADE,
  ADD CONSTRAINT `proposal_supervisors_supervisor_id_foreign` FOREIGN KEY (`supervisor_id`) REFERENCES `supervisors` (`supervisorId`) ON DELETE CASCADE;

--
-- Constraints for table `proposal_team_members`
--
ALTER TABLE `proposal_team_members`
  ADD CONSTRAINT `proposal_team_members_proposal_id_foreign` FOREIGN KEY (`proposal_id`) REFERENCES `project_proposals` (`proposalId`) ON DELETE CASCADE,
  ADD CONSTRAINT `proposal_team_members_student_id_foreign` FOREIGN KEY (`student_id`) REFERENCES `students` (`studentId`) ON DELETE CASCADE;

--
-- Constraints for table `skill_student`
--
ALTER TABLE `skill_student`
  ADD CONSTRAINT `skill_student_skill_id_foreign` FOREIGN KEY (`skill_id`) REFERENCES `skills` (`id`) ON DELETE CASCADE,
  ADD CONSTRAINT `skill_student_student_id_foreign` FOREIGN KEY (`student_id`) REFERENCES `students` (`studentId`) ON DELETE CASCADE;

--
-- Constraints for table `stage_submissions`
--
ALTER TABLE `stage_submissions`
  ADD CONSTRAINT `stage_submissions_project_stage_id_foreign` FOREIGN KEY (`project_stage_id`) REFERENCES `project_stages` (`id`) ON DELETE CASCADE,
  ADD CONSTRAINT `stage_submissions_reviewed_by_foreign` FOREIGN KEY (`reviewed_by`) REFERENCES `users` (`userId`) ON DELETE SET NULL;

--
-- Constraints for table `students`
--
ALTER TABLE `students`
  ADD CONSTRAINT `students_userid_foreign` FOREIGN KEY (`userId`) REFERENCES `users` (`userId`) ON DELETE CASCADE;

--
-- Constraints for table `supervisors`
--
ALTER TABLE `supervisors`
  ADD CONSTRAINT `supervisors_userid_foreign` FOREIGN KEY (`userId`) REFERENCES `users` (`userId`) ON DELETE CASCADE;
COMMIT;

/*!40101 SET CHARACTER_SET_CLIENT=@OLD_CHARACTER_SET_CLIENT */;
/*!40101 SET CHARACTER_SET_RESULTS=@OLD_CHARACTER_SET_RESULTS */;
/*!40101 SET COLLATION_CONNECTION=@OLD_COLLATION_CONNECTION */;
